# CLASS: RAW_MEASUREMENT — full declaration-rolled sentence profile (every profiled sentence attributed, never top-N); the retained raw product the generated program and population views derive from.
basis	file	line_start	line_end	name	kind	secs	tactic	goal_head	program_key	population	notes
0b9206b3cca692872798231fd43f3168134600ad3a749b8f6209f6f0d421be9f	e2e/WitnessRejectPrelude.v	0	0	(file preamble)	preamble	0.0				SHARED_PROGRAM_OR_HELPER	
0b9206b3cca692872798231fd43f3168134600ad3a749b8f6209f6f0d421be9f	e2e/WitnessRejectPrelude.v	3	3	Stdlib	From	0.243				SHARED_PROGRAM_OR_HELPER	
0b9206b3cca692872798231fd43f3168134600ad3a749b8f6209f6f0d421be9f	e2e/WitnessRejectPrelude.v	5	5	Fido	From	0.429				SHARED_PROGRAM_OR_HELPER	
0b9206b3cca692872798231fd43f3168134600ad3a749b8f6209f6f0d421be9f	e2e/WitnessRejectPrelude.v	7	7	ListNotations.	Import	0.0				SHARED_PROGRAM_OR_HELPER	
0b9206b3cca692872798231fd43f3168134600ad3a749b8f6209f6f0d421be9f	e2e/WitnessRejectPrelude.v	9	9	PI	Module	0.004				SHARED_PROGRAM_OR_HELPER	
0b9206b3cca692872798231fd43f3168134600ad3a749b8f6209f6f0d421be9f	e2e/WitnessRejectPrelude.v	11	11	BN	Module	0.153				SHARED_PROGRAM_OR_HELPER	
0b9206b3cca692872798231fd43f3168134600ad3a749b8f6209f6f0d421be9f	e2e/WitnessRejectPrelude.v	13	13	AN	Module	0.272				SHARED_PROGRAM_OR_HELPER	
0b9206b3cca692872798231fd43f3168134600ad3a749b8f6209f6f0d421be9f	e2e/WitnessRejectPrelude.v	15	15	RP	Module	0.483				SHARED_PROGRAM_OR_HELPER	
0b9206b3cca692872798231fd43f3168134600ad3a749b8f6209f6f0d421be9f	e2e/WitnessRejectPrelude.v	17	17	PL	Notation	0.0				SHARED_PROGRAM_OR_HELPER	
0b9206b3cca692872798231fd43f3168134600ad3a749b8f6209f6f0d421be9f	e2e/WitnessRejectPrelude.v	18	18	NEG	Notation	0.0				SHARED_PROGRAM_OR_HELPER	
0b9206b3cca692872798231fd43f3168134600ad3a749b8f6209f6f0d421be9f	e2e/WitnessRejectPrelude.v	19	19	ILIT	Notation	0.0				SHARED_PROGRAM_OR_HELPER	
0b9206b3cca692872798231fd43f3168134600ad3a749b8f6209f6f0d421be9f	e2e/WitnessRejectPrelude.v	20	20	SLIT	Notation	0.0				SHARED_PROGRAM_OR_HELPER	
0b9206b3cca692872798231fd43f3168134600ad3a749b8f6209f6f0d421be9f	e2e/WitnessRejectPrelude.v	21	21	CONV	Notation	0.0				SHARED_PROGRAM_OR_HELPER	
0b9206b3cca692872798231fd43f3168134600ad3a749b8f6209f6f0d421be9f	e2e/WitnessRejectPrelude.v	22	22	CPLX	Notation	0.0				SHARED_PROGRAM_OR_HELPER	
0b9206b3cca692872798231fd43f3168134600ad3a749b8f6209f6f0d421be9f	e2e/WitnessRejectPrelude.v	23	23	APP	Notation	0.0				SHARED_PROGRAM_OR_HELPER	
0b9206b3cca692872798231fd43f3168134600ad3a749b8f6209f6f0d421be9f	e2e/WitnessRejectPrelude.v	24	24	TT	Notation	0.0				SHARED_PROGRAM_OR_HELPER	
0b9206b3cca692872798231fd43f3168134600ad3a749b8f6209f6f0d421be9f	e2e/WitnessRejectPrelude.v	25	25	FF	Notation	0.0				SHARED_PROGRAM_OR_HELPER	
0b9206b3cca692872798231fd43f3168134600ad3a749b8f6209f6f0d421be9f	e2e/WitnessRejectPrelude.v	27	27	rmod	Definition	0.011		ModuleSpec		SHARED_PROGRAM_OR_HELPER	
0b9206b3cca692872798231fd43f3168134600ad3a749b8f6209f6f0d421be9f	e2e/WitnessRejectPrelude.v	29	29	rmain	Definition	0.001		FilePath.T		SHARED_PROGRAM_OR_HELPER	
0b9206b3cca692872798231fd43f3168134600ad3a749b8f6209f6f0d421be9f	e2e/WitnessRejectPrelude.v	31	31	prog	Definition	0.0		list		SHARED_PROGRAM_OR_HELPER	
0b9206b3cca692872798231fd43f3168134600ad3a749b8f6209f6f0d421be9f	e2e/WitnessRejectPrelude.v	35	35	reject	Ltac	0.0				SHARED_PROGRAM_OR_HELPER	
0b9206b3cca692872798231fd43f3168134600ad3a749b8f6209f6f0d421be9f	e2e/WitnessRejectPrelude.v	37	37	compileok	Ltac	0.0				SHARED_PROGRAM_OR_HELPER	
0b9206b3cca692872798231fd43f3168134600ad3a749b8f6209f6f0d421be9f	e2e/WitnessRejectPrelude.v	39	39	outside	Ltac	0.0				SHARED_PROGRAM_OR_HELPER	
0b9206b3cca692872798231fd43f3168134600ad3a749b8f6209f6f0d421be9f	e2e/WitnessRejectPrelude.v	41	41	OID	Notation	0.0				SHARED_PROGRAM_OR_HELPER	
0b9206b3cca692872798231fd43f3168134600ad3a749b8f6209f6f0d421be9f	e2e/WitnessRejectPrelude.v	42	42	VNAME	Notation	0.0				SHARED_PROGRAM_OR_HELPER	
0b9206b3cca692872798231fd43f3168134600ad3a749b8f6209f6f0d421be9f	e2e/WitnessRejectPrelude.v	43	43	NE1	Notation	0.0				SHARED_PROGRAM_OR_HELPER	
0b9206b3cca692872798231fd43f3168134600ad3a749b8f6209f6f0d421be9f	e2e/WitnessRejectPrelude.v	46	46	result_of_compile	Definition	0.0		Syntax.Program		SHARED_PROGRAM_OR_HELPER	
0b9206b3cca692872798231fd43f3168134600ad3a749b8f6209f6f0d421be9f	e2e/WitnessRejectPrelude.v	48	48	rres	Definition	0.0		Syntax.Program		SHARED_PROGRAM_OR_HELPER	
0b9206b3cca692872798231fd43f3168134600ad3a749b8f6209f6f0d421be9f	e2e/WitnessRejectPrelude.v	51	51	rprobe	Definition	0.0		Syntax.Program		SHARED_PROGRAM_OR_HELPER	
0b9206b3cca692872798231fd43f3168134600ad3a749b8f6209f6f0d421be9f	e2e/WitnessRejectPrelude.v	54	54	dsites	Definition	0.0		Syntax.Program		SHARED_PROGRAM_OR_HELPER	
0b9206b3cca692872798231fd43f3168134600ad3a749b8f6209f6f0d421be9f	e2e/WitnessRejectPrelude.v	57	57	pfacts	Definition	0.0		Syntax.Program		SHARED_PROGRAM_OR_HELPER	
0b9206b3cca692872798231fd43f3168134600ad3a749b8f6209f6f0d421be9f	e2e/WitnessRejectPrelude.v	60	60	cprobe	Definition	0.0		Syntax.Program		SHARED_PROGRAM_OR_HELPER	
0b9206b3cca692872798231fd43f3168134600ad3a749b8f6209f6f0d421be9f	e2e/WitnessRejectPrelude.v	62	62	oprobe	Definition	0.0		Syntax.Program		SHARED_PROGRAM_OR_HELPER	
0b9206b3cca692872798231fd43f3168134600ad3a749b8f6209f6f0d421be9f	e2e/WitnessRejectPrelude.v	65	65	rres_observe	Definition	0.0		Syntax.Program		SHARED_PROGRAM_OR_HELPER	
0b9206b3cca692872798231fd43f3168134600ad3a749b8f6209f6f0d421be9f	e2e/WitnessRejectPrelude.v	69	69	obs_direct	Ltac	0.0				SHARED_PROGRAM_OR_HELPER	
0b9206b3cca692872798231fd43f3168134600ad3a749b8f6209f6f0d421be9f	e2e/WitnessRejectPrelude.v	76	76	obs_disp	Ltac	0.0				SHARED_PROGRAM_OR_HELPER	
0b9206b3cca692872798231fd43f3168134600ad3a749b8f6209f6f0d421be9f	e2e/WitnessRejectPrelude.v	79	79	obs_eq	Ltac	0.0				SHARED_PROGRAM_OR_HELPER	
0b9206b3cca692872798231fd43f3168134600ad3a749b8f6209f6f0d421be9f	e2e/WitnessRejectPrelude.v	84	84	obs_seal	Ltac	0.0				SHARED_PROGRAM_OR_HELPER	
0b9206b3cca692872798231fd43f3168134600ad3a749b8f6209f6f0d421be9f	e2e/WitnessRejectPrelude.v	89	89	occ_diag_collapse	Ltac	0.0		AN.OccFact		SHARED_PROGRAM_OR_HELPER	
0b9206b3cca692872798231fd43f3168134600ad3a749b8f6209f6f0d421be9f	e2e/WitnessRejectPrelude.v	97	97	occ_bound_collapse	Ltac	0.0		AN.OccFact		SHARED_PROGRAM_OR_HELPER	
0b9206b3cca692872798231fd43f3168134600ad3a749b8f6209f6f0d421be9f	e2e/WitnessRejectPrelude.v	107	107	obs_issue_classes	Ltac	0.0		AN.collision_rows		SHARED_PROGRAM_OR_HELPER	
0b9206b3cca692872798231fd43f3168134600ad3a749b8f6209f6f0d421be9f	e2e/WitnessRejectPrelude.v	118	118	p_redecl_use	Definition	0.002		Syntax.Program		SHARED_PROGRAM_OR_HELPER	
0b9206b3cca692872798231fd43f3168134600ad3a749b8f6209f6f0d421be9f	e2e/WitnessRejectPrelude.v	122	122	p_app_multi	Definition	0.001		Syntax.Program		SHARED_PROGRAM_OR_HELPER	
0b9206b3cca692872798231fd43f3168134600ad3a749b8f6209f6f0d421be9f	e2e/WitnessRejectPrelude.v	125	125	prog_tops	Definition	0.0		list		SHARED_PROGRAM_OR_HELPER	
0b9206b3cca692872798231fd43f3168134600ad3a749b8f6209f6f0d421be9f	e2e/WitnessRejectPrelude.v	127	127	main0	Definition	0.0		Syntax.TopLevelDecl		SHARED_PROGRAM_OR_HELPER	
0b9206b3cca692872798231fd43f3168134600ad3a749b8f6209f6f0d421be9f	e2e/WitnessRejectPrelude.v	129	129	tconstmain	Definition	0.001		Syntax.TopLevelDecl		SHARED_PROGRAM_OR_HELPER	
0b9206b3cca692872798231fd43f3168134600ad3a749b8f6209f6f0d421be9f	e2e/WitnessRejectPrelude.v	133	133	p_two_iota	Definition	0.0		Syntax.Program		SHARED_PROGRAM_OR_HELPER	
0b9206b3cca692872798231fd43f3168134600ad3a749b8f6209f6f0d421be9f	e2e/WitnessRejectPrelude.v	138	138	p_invalid_unsupported	Definition	0.0		Syntax.Program		SHARED_PROGRAM_OR_HELPER	
0b9206b3cca692872798231fd43f3168134600ad3a749b8f6209f6f0d421be9f	e2e/WitnessRejectPrelude.v	143	143	cgen_path	Definition	0.024		FilePath.T		SHARED_PROGRAM_OR_HELPER	
0b9206b3cca692872798231fd43f3168134600ad3a749b8f6209f6f0d421be9f	e2e/WitnessRejectPrelude.v	145	145	cvar1	Definition	0.001		Syntax.TopLevelDecl		SHARED_PROGRAM_OR_HELPER	
0b9206b3cca692872798231fd43f3168134600ad3a749b8f6209f6f0d421be9f	e2e/WitnessRejectPrelude.v	148	148	cvar2	Definition	0.001		Syntax.TopLevelDecl		SHARED_PROGRAM_OR_HELPER	
0b9206b3cca692872798231fd43f3168134600ad3a749b8f6209f6f0d421be9f	e2e/WitnessRejectPrelude.v	151	151	p_collision	Definition	0.001		Syntax.Program		SHARED_PROGRAM_OR_HELPER	
0b9206b3cca692872798231fd43f3168134600ad3a749b8f6209f6f0d421be9f	e2e/WitnessRejectPrelude.v	157	157	p_collision_redecl	Definition	0.0		Syntax.Program		SHARED_PROGRAM_OR_HELPER	
0b9206b3cca692872798231fd43f3168134600ad3a749b8f6209f6f0d421be9f	e2e/WitnessRejectPrelude.v	164	164	ppkg	Definition	0.0		Syntax.Program		SHARED_PROGRAM_OR_HELPER	
0b9206b3cca692872798231fd43f3168134600ad3a749b8f6209f6f0d421be9f	e2e/WitnessRejectPrelude.v	166	166	pmissing	Definition	0.0		Syntax.Program		SHARED_PROGRAM_OR_HELPER	
0b9206b3cca692872798231fd43f3168134600ad3a749b8f6209f6f0d421be9f	e2e/WitnessRejectPrelude.v	168	168	pcollision	Definition	0.0		Syntax.Program		SHARED_PROGRAM_OR_HELPER	
0b9206b3cca692872798231fd43f3168134600ad3a749b8f6209f6f0d421be9f	e2e/WitnessRejectPrelude.v	171	171	otransport	Definition	0.0		Syntax.Program		SHARED_PROGRAM_OR_HELPER	
0b9206b3cca692872798231fd43f3168134600ad3a749b8f6209f6f0d421be9f	e2e/WitnessRejectPrelude.v	174	174	dp_neg_string	Definition	0.0		Syntax.Program		SHARED_PROGRAM_OR_HELPER	
0b9206b3cca692872798231fd43f3168134600ad3a749b8f6209f6f0d421be9f	e2e/WitnessRejectPrelude.v	176	176	dp_conv0	Definition	0.0		Syntax.Program		SHARED_PROGRAM_OR_HELPER	
0b9206b3cca692872798231fd43f3168134600ad3a749b8f6209f6f0d421be9f	e2e/WitnessRejectPrelude.v	178	178	dp_conv2	Definition	0.0		Syntax.Program		SHARED_PROGRAM_OR_HELPER	
0b9206b3cca692872798231fd43f3168134600ad3a749b8f6209f6f0d421be9f	e2e/WitnessRejectPrelude.v	180	180	dp_uint8_neg	Definition	0.0		Syntax.Program		SHARED_PROGRAM_OR_HELPER	
0b9206b3cca692872798231fd43f3168134600ad3a749b8f6209f6f0d421be9f	e2e/WitnessRejectPrelude.v	182	182	dp_type_value	Definition	0.0		Syntax.Program		SHARED_PROGRAM_OR_HELPER	
0b9206b3cca692872798231fd43f3168134600ad3a749b8f6209f6f0d421be9f	e2e/WitnessRejectPrelude.v	184	184	dp_stmt_lit	Definition	0.0		Syntax.Program		SHARED_PROGRAM_OR_HELPER	
0b9206b3cca692872798231fd43f3168134600ad3a749b8f6209f6f0d421be9f	e2e/WitnessRejectPrelude.v	186	186	dp_default_ovf	Definition	0.0		Syntax.Program		SHARED_PROGRAM_OR_HELPER	
0b9206b3cca692872798231fd43f3168134600ad3a749b8f6209f6f0d421be9f	e2e/WitnessRejectPrelude.v	188	188	dp_no_main	Definition	0.0		Syntax.Program		SHARED_PROGRAM_OR_HELPER	
0b9206b3cca692872798231fd43f3168134600ad3a749b8f6209f6f0d421be9f	e2e/WitnessRejectPrelude.v	190	190	dp_multi_main	Definition	0.0		Syntax.Program		SHARED_PROGRAM_OR_HELPER	
0b9206b3cca692872798231fd43f3168134600ad3a749b8f6209f6f0d421be9f	e2e/WitnessRejectPrelude.v	192	192	dp_ok	Definition	0.0		Syntax.Program		SHARED_PROGRAM_OR_HELPER	
0b9206b3cca692872798231fd43f3168134600ad3a749b8f6209f6f0d421be9f	e2e/WitnessRejectPrelude.v	195	195	dp_short_dup	Definition	0.001		Syntax.Program		SHARED_PROGRAM_OR_HELPER	
0b9206b3cca692872798231fd43f3168134600ad3a749b8f6209f6f0d421be9f	e2e/WitnessRejectPrelude.v	197	197	dp_short_count	Definition	0.001		Syntax.Program		SHARED_PROGRAM_OR_HELPER	
0b9206b3cca692872798231fd43f3168134600ad3a749b8f6209f6f0d421be9f	e2e/WitnessRejectPrelude.v	199	199	dp_short_nonew	Definition	0.001		Syntax.Program		SHARED_PROGRAM_OR_HELPER	
0b9206b3cca692872798231fd43f3168134600ad3a749b8f6209f6f0d421be9f	e2e/WitnessRejectPrelude.v	201	201	dp_short_allblank	Definition	0.0		Syntax.Program		SHARED_PROGRAM_OR_HELPER	
0b9206b3cca692872798231fd43f3168134600ad3a749b8f6209f6f0d421be9f	e2e/WitnessRejectPrelude.v	203	203	dp_short_nonvar	Definition	0.001		Syntax.Program		SHARED_PROGRAM_OR_HELPER	
0b9206b3cca692872798231fd43f3168134600ad3a749b8f6209f6f0d421be9f	e2e/WitnessRejectA.v	0	0	(file preamble)	preamble	0.0				SHARED_PROGRAM_OR_HELPER	
0b9206b3cca692872798231fd43f3168134600ad3a749b8f6209f6f0d421be9f	e2e/WitnessRejectA.v	3	3	Stdlib	From	0.243				SHARED_PROGRAM_OR_HELPER	
0b9206b3cca692872798231fd43f3168134600ad3a749b8f6209f6f0d421be9f	e2e/WitnessRejectA.v	4	5	Fido	From	0.497				SHARED_PROGRAM_OR_HELPER	
0b9206b3cca692872798231fd43f3168134600ad3a749b8f6209f6f0d421be9f	e2e/WitnessRejectA.v	6	6	ListNotations.	Import	0.0				SHARED_PROGRAM_OR_HELPER	
0b9206b3cca692872798231fd43f3168134600ad3a749b8f6209f6f0d421be9f	e2e/WitnessRejectA.v	8	8	r_neg_bool	Definition	0.015	reject.	Compilable.rejects	inline:c6534d920347	VERDICT_ONLY	
0b9206b3cca692872798231fd43f3168134600ad3a749b8f6209f6f0d421be9f	e2e/WitnessRejectA.v	10	10	r_neg_int8min	Definition	0.014	reject.	Compilable.rejects	inline:5e73de323a39	VERDICT_ONLY	
0b9206b3cca692872798231fd43f3168134600ad3a749b8f6209f6f0d421be9f	e2e/WitnessRejectA.v	12	12	r_cx_str	Definition	0.07	reject.	Compilable.rejects	inline:cd2fe4349488	VERDICT_ONLY	
0b9206b3cca692872798231fd43f3168134600ad3a749b8f6209f6f0d421be9f	e2e/WitnessRejectA.v	14	14	r_stmt_lit	Definition	0.006	reject.	Compilable.rejects	inline:6494479e9fce	VERDICT_ONLY	
0b9206b3cca692872798231fd43f3168134600ad3a749b8f6209f6f0d421be9f	e2e/WitnessRejectA.v	17	17	r_stmt_conv0	Definition	0.008	reject.	Compilable.rejects	inline:27cd9c52eebb	VERDICT_ONLY	
0b9206b3cca692872798231fd43f3168134600ad3a749b8f6209f6f0d421be9f	e2e/WitnessRejectA.v	20	20	o_print	Definition	0.008	outside.	Compilable.outsides	inline:6ce44a32ad09	VERDICT_ONLY	
0b9206b3cca692872798231fd43f3168134600ad3a749b8f6209f6f0d421be9f	e2e/WitnessRejectA.v	22	22	c_neg_untyped	Definition	0.01	compileok.	Compilable.compiles	inline:3b5539406d04	VERDICT_ONLY	
0b9206b3cca692872798231fd43f3168134600ad3a749b8f6209f6f0d421be9f	e2e/WitnessRejectA.v	25	25	r_append_val	Definition	0.008	reject.	Compilable.rejects	inline:f24506a16d01	VERDICT_ONLY	
0b9206b3cca692872798231fd43f3168134600ad3a749b8f6209f6f0d421be9f	e2e/WitnessRejectA.v	27	27	r_short_self	Definition	0.012	reject.	Compilable.rejects	inline:b1cdb123d6f0	VERDICT_ONLY	
0b9206b3cca692872798231fd43f3168134600ad3a749b8f6209f6f0d421be9f	e2e/WitnessRejectA.v	29	29	r_var_true	Definition	0.016	reject.	Compilable.rejects	inline:b916f52129fd	VERDICT_ONLY	
0b9206b3cca692872798231fd43f3168134600ad3a749b8f6209f6f0d421be9f	e2e/WitnessRejectA.v	32	32	r_short_rhsneg	Definition	0.013	reject.	Compilable.rejects	inline:78d8ba65f4c5	VERDICT_ONLY	
0b9206b3cca692872798231fd43f3168134600ad3a749b8f6209f6f0d421be9f	e2e/WitnessRejectA.v	34	37	d4_invalid_unsupported_coexist	Definition	5.114	obs_issue_classes p_invalid_unsupported.	map		ISSUE_TABLE	
0b9206b3cca692872798231fd43f3168134600ad3a749b8f6209f6f0d421be9f	e2e/WitnessRejectA.v	39	39	dr_neg_string	Definition	0.01	reject.	Compilable.rejects		VERDICT_ONLY	
0b9206b3cca692872798231fd43f3168134600ad3a749b8f6209f6f0d421be9f	e2e/WitnessRejectA.v	41	41	dr_uint8_neg	Definition	0.012	reject.	Compilable.rejects		VERDICT_ONLY	
0b9206b3cca692872798231fd43f3168134600ad3a749b8f6209f6f0d421be9f	e2e/WitnessRejectA.v	43	43	dr_type_value	Definition	0.008	reject.	Compilable.rejects		VERDICT_ONLY	
0b9206b3cca692872798231fd43f3168134600ad3a749b8f6209f6f0d421be9f	e2e/WitnessRejectB.v	0	0	(file preamble)	preamble	0.0				SHARED_PROGRAM_OR_HELPER	
0b9206b3cca692872798231fd43f3168134600ad3a749b8f6209f6f0d421be9f	e2e/WitnessRejectB.v	3	3	Stdlib	From	0.241				SHARED_PROGRAM_OR_HELPER	
0b9206b3cca692872798231fd43f3168134600ad3a749b8f6209f6f0d421be9f	e2e/WitnessRejectB.v	4	5	Fido	From	0.503				SHARED_PROGRAM_OR_HELPER	
0b9206b3cca692872798231fd43f3168134600ad3a749b8f6209f6f0d421be9f	e2e/WitnessRejectB.v	6	6	ListNotations.	Import	0.0				SHARED_PROGRAM_OR_HELPER	
0b9206b3cca692872798231fd43f3168134600ad3a749b8f6209f6f0d421be9f	e2e/WitnessRejectB.v	9	9	r_cx_bool	Definition	0.019	reject.	Compilable.rejects	inline:83f8f303d6e9	VERDICT_ONLY	
0b9206b3cca692872798231fd43f3168134600ad3a749b8f6209f6f0d421be9f	e2e/WitnessRejectB.v	11	11	r_cx_int8	Definition	0.02	reject.	Compilable.rejects	inline:7a2c2a02b429	VERDICT_ONLY	
0b9206b3cca692872798231fd43f3168134600ad3a749b8f6209f6f0d421be9f	e2e/WitnessRejectB.v	13	13	r_cx1	Definition	0.071	reject.	Compilable.rejects	inline:169ec44c3c90	VERDICT_ONLY	
0b9206b3cca692872798231fd43f3168134600ad3a749b8f6209f6f0d421be9f	e2e/WitnessRejectB.v	16	16	r_call_neg	Definition	0.012	reject.	Compilable.rejects	inline:77e62bc4392f	VERDICT_ONLY	
0b9206b3cca692872798231fd43f3168134600ad3a749b8f6209f6f0d421be9f	e2e/WitnessRejectB.v	19	19	r_stmt_conv	Definition	0.01	reject.	Compilable.rejects	inline:23ccdeab8340	VERDICT_ONLY	
0b9206b3cca692872798231fd43f3168134600ad3a749b8f6209f6f0d421be9f	e2e/WitnessRejectB.v	21	21	c_neg_complex	Definition	0.016	compileok.	Compilable.compiles	inline:bdd69fe1d009	VERDICT_ONLY	
0b9206b3cca692872798231fd43f3168134600ad3a749b8f6209f6f0d421be9f	e2e/WitnessRejectB.v	24	24	o_cx_typed	Definition	0.02	outside.	Compilable.outsides	inline:b1315aa801a7	VERDICT_ONLY	
0b9206b3cca692872798231fd43f3168134600ad3a749b8f6209f6f0d421be9f	e2e/WitnessRejectB.v	27	27	r_iota	Definition	0.01	reject.	Compilable.rejects	inline:49c304cf1bd6	VERDICT_ONLY	
0b9206b3cca692872798231fd43f3168134600ad3a749b8f6209f6f0d421be9f	e2e/WitnessRejectB.v	30	30	o_var_uintptr	Definition	0.017	outside.	Compilable.outsides	inline:73ef8a051fac	VERDICT_ONLY	
0b9206b3cca692872798231fd43f3168134600ad3a749b8f6209f6f0d421be9f	e2e/WitnessRejectB.v	33	33	o_var_use	Definition	0.036	outside.	Compilable.outsides	inline:43eeca9d61fe	VERDICT_ONLY	
0b9206b3cca692872798231fd43f3168134600ad3a749b8f6209f6f0d421be9f	e2e/WitnessRejectB.v	35	35	o_short_use	Definition	0.066	outside.	Compilable.outsides	inline:1b7f640fe64f	VERDICT_ONLY	
0b9206b3cca692872798231fd43f3168134600ad3a749b8f6209f6f0d421be9f	e2e/WitnessRejectB.v	37	37	r_const_count	Definition	0.028	reject.	Compilable.rejects	inline:b550d3e753da	VERDICT_ONLY	
0b9206b3cca692872798231fd43f3168134600ad3a749b8f6209f6f0d421be9f	e2e/WitnessRejectB.v	39	39	r_short_ambiguous	Definition	0.06	reject.	Compilable.rejects	inline:43eeca9d61fe	VERDICT_ONLY	
0b9206b3cca692872798231fd43f3168134600ad3a749b8f6209f6f0d421be9f	e2e/WitnessRejectB.v	41	41	o_short_blank_new	Definition	0.029	outside.	Compilable.outsides	inline:b16fcd76bf80	VERDICT_ONLY	
0b9206b3cca692872798231fd43f3168134600ad3a749b8f6209f6f0d421be9f	e2e/WitnessRejectB.v	44	44	o_short_multi_use	Definition	0.073	outside.	Compilable.outsides	inline:d9c8a23ac041	VERDICT_ONLY	
0b9206b3cca692872798231fd43f3168134600ad3a749b8f6209f6f0d421be9f	e2e/WitnessRejectB.v	47	47	r_complex_coexist	Definition	0.046	reject.	Compilable.rejects	inline:43eeca9d61fe	VERDICT_ONLY	
0b9206b3cca692872798231fd43f3168134600ad3a749b8f6209f6f0d421be9f	e2e/WitnessRejectB.v	49	50	reader_index	Lemma	0.248	obs_eq rprobe.	AN.res_index		EXACT_PROVENANCE	
0b9206b3cca692872798231fd43f3168134600ad3a749b8f6209f6f0d421be9f	e2e/WitnessRejectB.v	52	55	reader_len	Lemma	0.179	obs_eq rprobe.	Datatypes.length		RAW_FACT_READER	
0b9206b3cca692872798231fd43f3168134600ad3a749b8f6209f6f0d421be9f	e2e/WitnessRejectB.v	58	59	no_program_for_rejected	Definition	0.0	unfold Compilable.rejects in Hrej. rewrite (Compilable.program_forces_compiled c	Syntax.Program		OTHER	
0b9206b3cca692872798231fd43f3168134600ad3a749b8f6209f6f0d421be9f	e2e/WitnessRejectB.v	61	63	c_neg_int8_core	Definition	1.185	split; obs_direct (prog [ PL [ NEG (CONV Names.PInt8 (ILIT 1)) ] ]).	RP.result_cause_views	inline:93e22a27a3c6	CAUSE_VIEW	also result_req_views
0b9206b3cca692872798231fd43f3168134600ad3a749b8f6209f6f0d421be9f	e2e/WitnessRejectB.v	66	66	c_main_recursive	Definition	0.01	compileok.	Compilable.compiles	inline:ef0d97493ab0	VERDICT_ONLY	
0b9206b3cca692872798231fd43f3168134600ad3a749b8f6209f6f0d421be9f	e2e/WitnessRejectB.v	69	71	r_main_arity_payload	Definition	0.436	obs_direct (prog [ Syntax.ExprStmt (APP (OID "main") [ILIT 1]) ]).	RP.result_cause_views	inline:b264ca6458f2	CAUSE_VIEW	
0b9206b3cca692872798231fd43f3168134600ad3a749b8f6209f6f0d421be9f	e2e/WitnessRejectB.v	74	76	r_iota_family	Definition	0.272	obs_direct (prog [ PL [ Syntax.Name (Names.predeclared_ordinary Names.PIota) ] ]	RP.result_diag_families	inline:49c304cf1bd6	EXACT_READER	
0b9206b3cca692872798231fd43f3168134600ad3a749b8f6209f6f0d421be9f	e2e/WitnessRejectB.v	79	81	o_cx_typed_family	Definition	1.377	eexists; obs_direct (prog [ PL [ CPLX (CONV Names.PFloat32 (ILIT 1)) (CONV Names	exists	inline:b1315aa801a7	EXACT_READER	
0b9206b3cca692872798231fd43f3168134600ad3a749b8f6209f6f0d421be9f	e2e/WitnessRejectB.v	84	84	c_println_legal	Definition	0.008	compileok.	Compilable.compiles	inline:bf1eac37726d	VERDICT_ONLY	
0b9206b3cca692872798231fd43f3168134600ad3a749b8f6209f6f0d421be9f	e2e/WitnessRejectB.v	86	88	mf_println_legal_no_cause	Definition	0.526	split; obs_direct (prog [ PL [ ILIT 1 ] ]).	RP.result_cause_views	inline:bf1eac37726d	CAUSE_VIEW	also result_req_views
0b9206b3cca692872798231fd43f3168134600ad3a749b8f6209f6f0d421be9f	e2e/WitnessRejectB.v	90	107	r_main_const_redecl_payload	Definition	0.35	assert (H : map RP.diag_group_name (dsites (prog_tops [ tconstmain ; main0 ])) =			GROUP_VIEW	
0b9206b3cca692872798231fd43f3168134600ad3a749b8f6209f6f0d421be9f	e2e/WitnessRejectB.v	110	110	r_main_missing	Definition	0.007	reject.	Compilable.rejects		VERDICT_ONLY	
0b9206b3cca692872798231fd43f3168134600ad3a749b8f6209f6f0d421be9f	e2e/WitnessRejectB.v	113	125	two_iota_obs	Definition	2.424	assert (Hcls : map AN.issue_class (AN.result_issues (rres p_two_iota)) = [ AN.Cl			ISSUE_TABLE	
0b9206b3cca692872798231fd43f3168134600ad3a749b8f6209f6f0d421be9f	e2e/WitnessRejectB.v	127	134	d4_two_iota_no_collapse	Definition	0.006	split. - exact (f_equal (fun '(n, _, _) => n) two_iota_obs). - exact (f_equal (f	Datatypes.length		ISSUE_TABLE	
0b9206b3cca692872798231fd43f3168134600ad3a749b8f6209f6f0d421be9f	e2e/WitnessRejectB.v	137	140	d4_two_iota_same_cause	Definition	0.003	exact (f_equal (fun '(_, _, v) => v) two_iota_obs).	RP.result_cause_views		CAUSE_VIEW	
0b9206b3cca692872798231fd43f3168134600ad3a749b8f6209f6f0d421be9f	e2e/WitnessRejectB.v	143	155	d4_ord0_is_first_diagnostic	Definition	0.008	split. - pose proof (f_equal (fun '(_, m, _) => m) two_iota_obs) as Hm; cbv beta			ISSUE_TABLE	
0b9206b3cca692872798231fd43f3168134600ad3a749b8f6209f6f0d421be9f	e2e/WitnessRejectB.v	157	164	mm17_1_missing_view	Lemma	0.08	unfold pmissing, ppkg. rewrite map_map. change (map (fun mmr => PI.default_exec_	map		EXACT_READER	
0b9206b3cca692872798231fd43f3168134600ad3a749b8f6209f6f0d421be9f	e2e/WitnessRejectB.v	167	179	mm17_6_coexist	Lemma	4.575	unfold ppkg. apply andb_true_intro. split. - destruct (AN.result_collision_ref (	andb		EXACT_READER	
0b9206b3cca692872798231fd43f3168134600ad3a749b8f6209f6f0d421be9f	e2e/WitnessRejectB.v	181	181	dr_stmt_lit	Definition	0.006	reject.	Compilable.rejects		VERDICT_ONLY	
0b9206b3cca692872798231fd43f3168134600ad3a749b8f6209f6f0d421be9f	e2e/WitnessRejectB.v	183	183	dr_short_dup	Definition	0.012	reject.	Compilable.rejects		VERDICT_ONLY	
0b9206b3cca692872798231fd43f3168134600ad3a749b8f6209f6f0d421be9f	e2e/WitnessRejectB.v	185	185	dr_short_nonew	Definition	0.014	reject.	Compilable.rejects		VERDICT_ONLY	
0b9206b3cca692872798231fd43f3168134600ad3a749b8f6209f6f0d421be9f	e2e/WitnessRejectB.v	187	187	dr_short_allblank	Definition	0.01	reject.	Compilable.rejects		VERDICT_ONLY	
0b9206b3cca692872798231fd43f3168134600ad3a749b8f6209f6f0d421be9f	e2e/WitnessRejectC.v	0	0	(file preamble)	preamble	0.0				SHARED_PROGRAM_OR_HELPER	
0b9206b3cca692872798231fd43f3168134600ad3a749b8f6209f6f0d421be9f	e2e/WitnessRejectC.v	3	3	Stdlib	From	0.247				SHARED_PROGRAM_OR_HELPER	
0b9206b3cca692872798231fd43f3168134600ad3a749b8f6209f6f0d421be9f	e2e/WitnessRejectC.v	4	5	Fido	From	0.5				SHARED_PROGRAM_OR_HELPER	
0b9206b3cca692872798231fd43f3168134600ad3a749b8f6209f6f0d421be9f	e2e/WitnessRejectC.v	6	6	ListNotations.	Import	0.0				SHARED_PROGRAM_OR_HELPER	
0b9206b3cca692872798231fd43f3168134600ad3a749b8f6209f6f0d421be9f	e2e/WitnessRejectC.v	9	9	r_conv0	Definition	0.015	reject.	Compilable.rejects	inline:f939be015889	VERDICT_ONLY	
0b9206b3cca692872798231fd43f3168134600ad3a749b8f6209f6f0d421be9f	e2e/WitnessRejectC.v	11	11	r_call_bool	Definition	0.008	reject.	Compilable.rejects	inline:1c7b694922b2	VERDICT_ONLY	
0b9206b3cca692872798231fd43f3168134600ad3a749b8f6209f6f0d421be9f	e2e/WitnessRejectC.v	13	13	r_call_lit	Definition	0.006	reject.	Compilable.rejects	inline:8e7f686a936d	VERDICT_ONLY	
0b9206b3cca692872798231fd43f3168134600ad3a749b8f6209f6f0d421be9f	e2e/WitnessRejectC.v	16	16	c_neg_int8	Definition	0.069	compileok.	Compilable.compiles	inline:93e22a27a3c6	VERDICT_ONLY	
0b9206b3cca692872798231fd43f3168134600ad3a749b8f6209f6f0d421be9f	e2e/WitnessRejectC.v	18	18	r_nil	Definition	0.008	reject.	Compilable.rejects	inline:66411cab8efe	VERDICT_ONLY	
0b9206b3cca692872798231fd43f3168134600ad3a749b8f6209f6f0d421be9f	e2e/WitnessRejectC.v	21	21	r_var_self	Definition	0.021	reject.	Compilable.rejects	inline:9b9299ef30f9	VERDICT_ONLY	
0b9206b3cca692872798231fd43f3168134600ad3a749b8f6209f6f0d421be9f	e2e/WitnessRejectC.v	23	23	o_var_later	Definition	0.041	outside.	Compilable.outsides	inline:381e644bf14a	VERDICT_ONLY	
0b9206b3cca692872798231fd43f3168134600ad3a749b8f6209f6f0d421be9f	e2e/WitnessRejectC.v	26	26	o_short_new	Definition	0.01	outside.	Compilable.outsides	inline:6b2112888bc2	VERDICT_ONLY	
0b9206b3cca692872798231fd43f3168134600ad3a749b8f6209f6f0d421be9f	e2e/WitnessRejectC.v	29	29	r_const_noinit	Definition	0.014	reject.	Compilable.rejects	inline:a6450cd7b5f2	VERDICT_ONLY	
0b9206b3cca692872798231fd43f3168134600ad3a749b8f6209f6f0d421be9f	e2e/WitnessRejectC.v	31	31	o_short_mixed	Definition	0.066	outside.	Compilable.outsides	inline:95fa0a9015db	VERDICT_ONLY	
0b9206b3cca692872798231fd43f3168134600ad3a749b8f6209f6f0d421be9f	e2e/WitnessRejectC.v	33	33	reader_disp_outside	Lemma	0.02	obs_disp.	Compilable.disposition		EXACT_PROVENANCE	
0b9206b3cca692872798231fd43f3168134600ad3a749b8f6209f6f0d421be9f	e2e/WitnessRejectC.v	36	38	reader_facts_kinds	Lemma	0.164	obs_eq rprobe.	map		RAW_FACT_READER	
0b9206b3cca692872798231fd43f3168134600ad3a749b8f6209f6f0d421be9f	e2e/WitnessRejectC.v	40	42	r_type_value_cause	Definition	0.304	obs_direct (prog [ PL [ Syntax.Name (Names.predeclared_ordinary Names.PInt8) ] ]	RP.result_cause_views	inline:c26827be1f9f	CAUSE_VIEW	
0b9206b3cca692872798231fd43f3168134600ad3a749b8f6209f6f0d421be9f	e2e/WitnessRejectC.v	44	46	r_cx_mix_cause	Definition	1.394	obs_direct (prog [ PL [ CPLX (CONV Names.PFloat32 (ILIT 1)) (CONV Names.PFloat64	RP.result_cause_views	inline:d958ea918e4b	CAUSE_VIEW	
0b9206b3cca692872798231fd43f3168134600ad3a749b8f6209f6f0d421be9f	e2e/WitnessRejectC.v	49	49	o_main_value	Definition	0.012	outside.	Compilable.outsides	inline:9fe1acda41d7	VERDICT_ONLY	
0b9206b3cca692872798231fd43f3168134600ad3a749b8f6209f6f0d421be9f	e2e/WitnessRejectC.v	52	52	r_main_arity	Definition	0.011	reject.	Compilable.rejects	inline:b264ca6458f2	VERDICT_ONLY	
0b9206b3cca692872798231fd43f3168134600ad3a749b8f6209f6f0d421be9f	e2e/WitnessRejectC.v	55	55	r_redecl_var	Definition	0.04	reject.	Compilable.rejects	inline:43eeca9d61fe	VERDICT_ONLY	
0b9206b3cca692872798231fd43f3168134600ad3a749b8f6209f6f0d421be9f	e2e/WitnessRejectC.v	57	69	r_redecl_usecontext	Definition	1.874	unfold dsites. assert (Hc : AN.collision_rows (rres p_redecl_use) = []) by (appl	map		GROUP_VIEW	
0b9206b3cca692872798231fd43f3168134600ad3a749b8f6209f6f0d421be9f	e2e/WitnessRejectC.v	72	75	r_invalidid_app_dep	Definition	0.087	obs_direct (prog [ Syntax.ExprStmt (APP (Names.predeclared_ordinary Names.PIota)	existsb	inline:22f6c077278b	EXACT_READER	
0b9206b3cca692872798231fd43f3168134600ad3a749b8f6209f6f0d421be9f	e2e/WitnessRejectC.v	78	81	r_redecl_app_dep	Definition	1.105	obs_direct (prog [ Syntax.DeclarationStmt (Syntax.VarDecl [ Syntax.MakeVarSpec (	existsb	inline:c4abf00b282c	EXACT_READER	
0b9206b3cca692872798231fd43f3168134600ad3a749b8f6209f6f0d421be9f	e2e/WitnessRejectC.v	84	87	mf_stmt_lit_invalid_row	Definition	0.2	split; obs_direct (prog [ Syntax.ExprStmt (ILIT 1) ]).	RP.result_cause_views	inline:6494479e9fce	CAUSE_VIEW	
0b9206b3cca692872798231fd43f3168134600ad3a749b8f6209f6f0d421be9f	e2e/WitnessRejectC.v	90	93	mf_dep_row_silent	Definition	1.082	split; obs_direct (prog [ Syntax.ExprStmt (APP (OID "undefined") []) ]).	RP.result_cause_views	inline:83127280c219	CAUSE_VIEW	also result_req_views
0b9206b3cca692872798231fd43f3168134600ad3a749b8f6209f6f0d421be9f	e2e/WitnessRejectC.v	95	100	mf_app_two_families	Definition	0.235	obs_direct p_app_multi.	_		EXACT_READER	
0b9206b3cca692872798231fd43f3168134600ad3a749b8f6209f6f0d421be9f	e2e/WitnessRejectC.v	103	103	o_const_inherited	Definition	0.032	outside.	Compilable.outsides	inline:cfdf396eef80	VERDICT_ONLY	
0b9206b3cca692872798231fd43f3168134600ad3a749b8f6209f6f0d421be9f	e2e/WitnessRejectC.v	106	106	r_main_const_redecl	Definition	0.008	reject.	Compilable.rejects		VERDICT_ONLY	
0b9206b3cca692872798231fd43f3168134600ad3a749b8f6209f6f0d421be9f	e2e/WitnessRejectC.v	108	124	r_main_missing_payload	Definition	0.276	assert (Hlen : Datatypes.length (AN.result_missing_main_refs (rres (prog_tops [ 			EXACT_READER	
0b9206b3cca692872798231fd43f3168134600ad3a749b8f6209f6f0d421be9f	e2e/WitnessRejectC.v	127	147	d4_collision_missing_main_coexist	Definition	5.324	unfold dsites. rewrite (AN.diagnostics_order (rres p_collision)). assert (Hg : A	andb		EXACT_READER	
0b9206b3cca692872798231fd43f3168134600ad3a749b8f6209f6f0d421be9f	e2e/WitnessRejectC.v	150	155	mm17_1_missing_len	Lemma	0.071	unfold ppkg. rewrite <- (length_map AN.mmr_package), AN.missing_main_packages. u	Datatypes.length		EXACT_READER	
0b9206b3cca692872798231fd43f3168134600ad3a749b8f6209f6f0d421be9f	e2e/WitnessRejectC.v	158	166	mm17_5_nocollision_none	Lemma	0.312	unfold pcollision, ppkg. assert (Hn : AN.result_collision_ref (rres (prog [ PL [	pcollision	inline:bf1eac37726d	EXACT_READER	
0b9206b3cca692872798231fd43f3168134600ad3a749b8f6209f6f0d421be9f	e2e/WitnessRejectC.v	168	168	dr_conv0	Definition	0.012	reject.	Compilable.rejects		VERDICT_ONLY	
0b9206b3cca692872798231fd43f3168134600ad3a749b8f6209f6f0d421be9f	e2e/WitnessRejectC.v	170	170	dr_conv2	Definition	0.014	reject.	Compilable.rejects		VERDICT_ONLY	
0b9206b3cca692872798231fd43f3168134600ad3a749b8f6209f6f0d421be9f	e2e/WitnessRejectC.v	172	172	dr_no_main	Definition	0.008	reject.	Compilable.rejects		VERDICT_ONLY	
0b9206b3cca692872798231fd43f3168134600ad3a749b8f6209f6f0d421be9f	e2e/WitnessRejectC.v	174	174	dr_short_count	Definition	0.018	reject.	Compilable.rejects		VERDICT_ONLY	
0b9206b3cca692872798231fd43f3168134600ad3a749b8f6209f6f0d421be9f	e2e/WitnessRejectC.v	176	193	dr_short_nonvar	Definition	0.065	reject. Declare ML Module "fido.emit". Fido OracleExport (otransport dp_neg_stri	Compilable.rejects		OTHER	
0b9206b3cca692872798231fd43f3168134600ad3a749b8f6209f6f0d421be9f	e2e/WitnessRejectD.v	0	0	(file preamble)	preamble	0.0				SHARED_PROGRAM_OR_HELPER	
0b9206b3cca692872798231fd43f3168134600ad3a749b8f6209f6f0d421be9f	e2e/WitnessRejectD.v	3	3	Stdlib	From	0.26				SHARED_PROGRAM_OR_HELPER	
0b9206b3cca692872798231fd43f3168134600ad3a749b8f6209f6f0d421be9f	e2e/WitnessRejectD.v	4	5	Fido	From	0.505				SHARED_PROGRAM_OR_HELPER	
0b9206b3cca692872798231fd43f3168134600ad3a749b8f6209f6f0d421be9f	e2e/WitnessRejectD.v	6	6	ListNotations.	Import	0.0				SHARED_PROGRAM_OR_HELPER	
0b9206b3cca692872798231fd43f3168134600ad3a749b8f6209f6f0d421be9f	e2e/WitnessRejectD.v	9	9	r_neg_string	Definition	0.015	reject.	Compilable.rejects	inline:f0e4ff2af7bf	VERDICT_ONLY	
0b9206b3cca692872798231fd43f3168134600ad3a749b8f6209f6f0d421be9f	e2e/WitnessRejectD.v	11	11	r_neg_uint8	Definition	0.012	reject.	Compilable.rejects	inline:63463f0d389c	VERDICT_ONLY	
0b9206b3cca692872798231fd43f3168134600ad3a749b8f6209f6f0d421be9f	e2e/WitnessRejectD.v	13	13	r_cx_mix	Definition	0.077	reject.	Compilable.rejects	inline:d958ea918e4b	VERDICT_ONLY	
0b9206b3cca692872798231fd43f3168134600ad3a749b8f6209f6f0d421be9f	e2e/WitnessRejectD.v	15	15	r_conv2	Definition	0.014	reject.	Compilable.rejects	inline:c8e9614974e8	VERDICT_ONLY	
0b9206b3cca692872798231fd43f3168134600ad3a749b8f6209f6f0d421be9f	e2e/WitnessRejectD.v	17	17	r_cx3	Definition	0.014	reject.	Compilable.rejects	inline:802dede6d116	VERDICT_ONLY	
0b9206b3cca692872798231fd43f3168134600ad3a749b8f6209f6f0d421be9f	e2e/WitnessRejectD.v	20	20	r_println_val	Definition	0.01	reject.	Compilable.rejects	inline:1f3834395742	VERDICT_ONLY	
0b9206b3cca692872798231fd43f3168134600ad3a749b8f6209f6f0d421be9f	e2e/WitnessRejectD.v	22	22	r_type_value	Definition	0.01	reject.	Compilable.rejects	inline:c26827be1f9f	VERDICT_ONLY	
0b9206b3cca692872798231fd43f3168134600ad3a749b8f6209f6f0d421be9f	e2e/WitnessRejectD.v	25	25	r_default_overflow	Definition	0.01	reject.	Compilable.rejects	inline:d175a4d84955	VERDICT_ONLY	
0b9206b3cca692872798231fd43f3168134600ad3a749b8f6209f6f0d421be9f	e2e/WitnessRejectD.v	27	27	r_const_self	Definition	0.022	reject.	Compilable.rejects	inline:5017d9f8c04c	VERDICT_ONLY	
0b9206b3cca692872798231fd43f3168134600ad3a749b8f6209f6f0d421be9f	e2e/WitnessRejectD.v	30	30	o_short_blank	Definition	0.014	outside.	Compilable.outsides	inline:b16fcd76bf80	VERDICT_ONLY	
0b9206b3cca692872798231fd43f3168134600ad3a749b8f6209f6f0d421be9f	e2e/WitnessRejectD.v	33	33	o_short_two_origins	Definition	0.08	outside.	Compilable.outsides	inline:41bd7c550a7f	VERDICT_ONLY	
0b9206b3cca692872798231fd43f3168134600ad3a749b8f6209f6f0d421be9f	e2e/WitnessRejectD.v	36	36	r_short_dup_use	Definition	0.03	reject.	Compilable.rejects	inline:0e334ea66391	VERDICT_ONLY	
0b9206b3cca692872798231fd43f3168134600ad3a749b8f6209f6f0d421be9f	e2e/WitnessRejectD.v	38	39	reader_disp	Lemma	0.009	obs_disp.	Compilable.disposition		EXACT_PROVENANCE	
0b9206b3cca692872798231fd43f3168134600ad3a749b8f6209f6f0d421be9f	e2e/WitnessRejectD.v	41	41	reader_disp_compiled	Lemma	0.008	obs_disp.	Compilable.disposition		EXACT_PROVENANCE	
0b9206b3cca692872798231fd43f3168134600ad3a749b8f6209f6f0d421be9f	e2e/WitnessRejectD.v	43	43	reader_index_compiled	Lemma	0.286	obs_eq cprobe.	AN.res_index		EXACT_PROVENANCE	
0b9206b3cca692872798231fd43f3168134600ad3a749b8f6209f6f0d421be9f	e2e/WitnessRejectD.v	45	45	reader_index_outside	Lemma	0.29	obs_eq oprobe.	AN.res_index		EXACT_PROVENANCE	
0b9206b3cca692872798231fd43f3168134600ad3a749b8f6209f6f0d421be9f	e2e/WitnessRejectD.v	48	50	r_iota_cause	Definition	0.282	obs_direct (prog [ PL [ Syntax.Name (Names.predeclared_ordinary Names.PIota) ] ]	RP.result_cause_views	inline:49c304cf1bd6	CAUSE_VIEW	
0b9206b3cca692872798231fd43f3168134600ad3a749b8f6209f6f0d421be9f	e2e/WitnessRejectD.v	52	55	o_cx_typed_payload	Definition	2.756	split; obs_direct (prog [ PL [ CPLX (CONV Names.PFloat32 (ILIT 1)) (CONV Names.P	RP.result_cause_views	inline:b1315aa801a7	CAUSE_VIEW	also result_req_views
0b9206b3cca692872798231fd43f3168134600ad3a749b8f6209f6f0d421be9f	e2e/WitnessRejectD.v	57	57	r_main_as_type	Definition	0.019	reject.	Compilable.rejects	inline:aca9c56b2318	VERDICT_ONLY	
0b9206b3cca692872798231fd43f3168134600ad3a749b8f6209f6f0d421be9f	e2e/WitnessRejectD.v	60	60	o_main_shadowed	Definition	0.026	outside.	Compilable.outsides	inline:78ca46446674	VERDICT_ONLY	
0b9206b3cca692872798231fd43f3168134600ad3a749b8f6209f6f0d421be9f	e2e/WitnessRejectD.v	63	81	r_redecl_payload	Definition	1.015	assert (H : map RP.diag_group_name (dsites (prog [ Syntax.DeclarationStmt (Synta		inline:43eeca9d61fe	GROUP_VIEW	
0b9206b3cca692872798231fd43f3168134600ad3a749b8f6209f6f0d421be9f	e2e/WitnessRejectD.v	84	87	r_unbound_app_dep	Definition	1.226	obs_direct (prog [ Syntax.ExprStmt (APP (OID "undefined") []) ]).	existsb	inline:83127280c219	EXACT_READER	
0b9206b3cca692872798231fd43f3168134600ad3a749b8f6209f6f0d421be9f	e2e/WitnessRejectD.v	90	93	r_child_stmt_dep	Definition	0.074	obs_direct (prog [ Syntax.ExprStmt (APP (Names.predeclared_ordinary Names.PIota)	existsb	inline:22f6c077278b	EXACT_READER	
0b9206b3cca692872798231fd43f3168134600ad3a749b8f6209f6f0d421be9f	e2e/WitnessRejectD.v	96	99	r_redecl_type_dep	Definition	0.589	obs_direct (prog [ Syntax.DeclarationStmt (Syntax.VarDecl [ Syntax.MakeVarSpec (	existsb	inline:4ac17493eeb9	EXACT_READER	
0b9206b3cca692872798231fd43f3168134600ad3a749b8f6209f6f0d421be9f	e2e/WitnessRejectD.v	102	102	c_main_only	Definition	0.004	compileok.	Compilable.compiles		VERDICT_ONLY	
0b9206b3cca692872798231fd43f3168134600ad3a749b8f6209f6f0d421be9f	e2e/WitnessRejectD.v	105	105	r_main_multiple	Definition	0.004	reject.	Compilable.rejects		VERDICT_ONLY	
0b9206b3cca692872798231fd43f3168134600ad3a749b8f6209f6f0d421be9f	e2e/WitnessRejectD.v	107	124	r_main_multiple_payload	Definition	0.173	assert (H : map RP.diag_group_name (dsites (prog_tops [ main0 ; main0 ])) = [ So			GROUP_VIEW	
0b9206b3cca692872798231fd43f3168134600ad3a749b8f6209f6f0d421be9f	e2e/WitnessRejectD.v	127	150	d4_collision_redeclared_coexist	Definition	4.736	apply andb_true_intro. split. - destruct (AN.result_collision_ref (rres p_collis	andb		EXACT_READER	
0b9206b3cca692872798231fd43f3168134600ad3a749b8f6209f6f0d421be9f	e2e/WitnessRejectD.v	153	161	mm17_2_main_one_none	Lemma	0.297	unfold pmissing, ppkg. assert (Hnil : AN.result_missing_main_refs (rres (prog_to	pmissing		EXACT_READER	
0b9206b3cca692872798231fd43f3168134600ad3a749b8f6209f6f0d421be9f	e2e/WitnessRejectD.v	164	172	mm17_3_main_multiple_none	Lemma	0.321	unfold pmissing, ppkg. assert (Hnil : AN.result_missing_main_refs (rres (prog_to	pmissing		EXACT_READER	
0b9206b3cca692872798231fd43f3168134600ad3a749b8f6209f6f0d421be9f	e2e/WitnessRejectD.v	175	189	mm17_4_collision_view	Lemma	4.551	unfold pcollision, ppkg. destruct (AN.result_collision_ref (rres p_collision)) a	option_map		EXACT_READER	
0b9206b3cca692872798231fd43f3168134600ad3a749b8f6209f6f0d421be9f	e2e/WitnessRejectD.v	191	191	dr_default_ovf	Definition	0.01	reject.	Compilable.rejects		VERDICT_ONLY	
0b9206b3cca692872798231fd43f3168134600ad3a749b8f6209f6f0d421be9f	e2e/WitnessRejectD.v	193	193	dr_multi_main	Definition	0.005	reject.	Compilable.rejects		VERDICT_ONLY	
0b9206b3cca692872798231fd43f3168134600ad3a749b8f6209f6f0d421be9f	e2e/WitnessRejectD.v	195	195	dc_ok	Definition	0.012	compileok.	Compilable.compiles		VERDICT_ONLY	
