# Observable-latitude rows: each specification sentence permitting more than one conforming behaviour, and
# the disposition that settles it. Derived reference, not authority. owner_row is the closure row that owns
# the construct; contract names an ARCHITECTURE.md section 9 proof contract; milestone names the milestone
# whose scope owns the row, or OUT when the owning closure row is a priced exclusion. An acceptance GATE is
# a separate earlier fact and lives in acceptance.tsv, so a row can be gated before its milestone. Human
# decisions live in DECISIONS.md. Neither is restated here.
latitude_id	source	anchor	matched_terms	sentence	disposition	owner_row	contract	justification	milestone
LAT-001	Go spec	Source_code_representation	may, implementation restriction	Implementation restriction: For compatibility with other tools, a compiler may disallow the NUL character (U+0000) in the source text.	OUT-COVERED	SPEC-X001	SC-19	This latitude lies wholly inside existing OUT row SPEC-X001; inclusion requires paying that row's written price before implementation.	OUT
LAT-002	Go spec	Source_code_representation	may, implementation restriction	Implementation restriction: For compatibility with other tools, a compiler may ignore a UTF-8-encoded byte order mark (U+FEFF) if it is the first Unicode code point in the source text.	OUT-COVERED	SPEC-X001	SC-19	This latitude lies wholly inside existing OUT row SPEC-X001; inclusion requires paying that row's written price before implementation.	OUT
LAT-003	Go spec	Source_code_representation	may	A byte order mark may be disallowed anywhere else in the source.	OUT-COVERED	SPEC-X001	SC-19	This latitude lies wholly inside existing OUT row SPEC-X001; inclusion requires paying that row's written price before implementation.	OUT
LAT-004	Go spec	Tokens	may	Also, a newline or end of file may trigger the insertion of a semicolon.	NOT-LATITUDE	SPEC-008	SC-01	The matched wording describes a program form, deterministic rule, permission, prohibition, or example; it does not grant semantic latitude to an implementation for one accepted program.	C5
LAT-005	Go spec	Semicolons	may	Go programs may omit most of these semicolons using the following two rules:	NOT-LATITUDE	SPEC-009	SC-01	The matched wording describes a program form, deterministic rule, permission, prohibition, or example; it does not grant semantic latitude to an implementation for one accepted program.	C5
LAT-006	Go spec	Semicolons	may	To allow complex statements to occupy a single line, a semicolon may be omitted before a closing ")" or "}".	NOT-LATITUDE	SPEC-009	SC-01	This is a source-spelling permission, not semantic latitude for one fixed accepted program. The current fragment neither preserves nor represents the explicit-versus-omitted semicolon choice this sentence describes; the future milestone that admits such a source form owns it.	C5
LAT-007	Go spec	Keywords	may	The following keywords are reserved and may not be used as identifiers.	NOT-LATITUDE	SPEC-011	SC-01	This is a source-validity prohibition or placement restriction, not implementation latitude.	C5
LAT-008	Go spec	Integer_literals	may	For readability, an underscore character _ may appear after a base prefix or between successive digits; such underscores do not change the literal's value.	NOT-LATITUDE	SPEC-013	SC-02; SC-01	This describes a source-program choice or admitted source form that is represented by the owning syntax and facts; it is not an implementation choice for one fixed program.	C7
LAT-009	Go spec	Floating-point_literals	may	One of the integer part or the fractional part may be elided; one of the decimal point or the exponent part may be elided.	NOT-LATITUDE	SPEC-014	SC-02; SC-01	The matched wording describes a program form, deterministic rule, permission, prohibition, or example; it does not grant semantic latitude to an implementation for one accepted program.	C7
LAT-010	Go spec	Floating-point_literals	may	One of the integer part or the fractional part may be elided; the radix point may be elided as well, but the exponent part is required.	NOT-LATITUDE	SPEC-014	SC-02; SC-01	The matched wording describes a program form, deterministic rule, permission, prohibition, or example; it does not grant semantic latitude to an implementation for one accepted program.	C7
LAT-011	Go spec	Floating-point_literals	may	For readability, an underscore character _ may appear after a base prefix or between successive digits; such underscores do not change the literal value.	NOT-LATITUDE	SPEC-014	SC-02; SC-01	This describes a source-program choice or admitted source form that is represented by the owning syntax and facts; it is not an implementation choice for one fixed program.	C7
LAT-012	Go spec	Rune_literals	may	Within the quotes, any character may appear except newline and unescaped single quote.	NOT-LATITUDE	SPEC-016	SC-02; SC-01	This describes a source-program choice or admitted source form that is represented by the owning syntax and facts; it is not an implementation choice for one fixed program.	C7
LAT-013	Go spec	Rune_literals	may	The simplest form represents the single character within the quotes; since Go source text is Unicode characters encoded in UTF-8, multiple UTF-8-encoded bytes may represent a single integer value.	NOT-LATITUDE	SPEC-016	SC-02; SC-01	The matched wording describes a program form, deterministic rule, permission, prohibition, or example; it does not grant semantic latitude to an implementation for one accepted program.	C7
LAT-014	Go spec	String_literals	may	Within the quotes, any character may appear except back quote.	NOT-LATITUDE	SPEC-017	SC-02; SC-01	This describes a source-program choice or admitted source form that is represented by the owning syntax and facts; it is not an implementation choice for one fixed program.	C7
LAT-015	Go spec	String_literals	may	The value of a raw string literal is the string composed of the uninterpreted (implicitly UTF-8-encoded) characters between the quotes; in particular, backslashes have no special meaning and the string may contain newlines.	OUT-COVERED	SPEC-X002	SC-19	This latitude lies wholly inside existing OUT row SPEC-X002; inclusion requires paying that row's written price before implementation.	OUT
LAT-016	Go spec	String_literals	may	Within the quotes, any character may appear except newline and unescaped double quote.	NOT-LATITUDE	SPEC-017	SC-02; SC-01	This describes a source-program choice or admitted source form that is represented by the owning syntax and facts; it is not an implementation choice for one fixed program.	C7
LAT-017	Go spec	Constants	may	Constants may be typed or untyped.	NOT-LATITUDE	SPEC-018	SC-02	The matched wording describes a program form, deterministic rule, permission, prohibition, or example; it does not grant semantic latitude to an implementation for one accepted program.	C7
LAT-018	Go spec	Constants	may	A constant may be given a type explicitly by a constant declaration or conversion, or implicitly when used in a variable declaration or an assignment statement or as an operand in an expression.	NOT-LATITUDE	SPEC-018	SC-02	The matched wording describes a program form, deterministic rule, permission, prohibition, or example; it does not grant semantic latitude to an implementation for one accepted program.	C7
LAT-019	Go spec	Constants	may, implementation restriction	Implementation restriction: Although numeric constants have arbitrary precision in the language, a compiler may implement them using an internal representation with limited precision.	ACCEPTANCE-ALIGNMENT	SPEC-018	SC-22	The pinned compiler accepts the exact 511-bit shift fixture and rejects the 512-bit fixture; Fido must reject every constant expression outside the accepted pinned profile before Compilable.Program construction.	C7
LAT-020	Go spec	Constants	at least	Represent integer constants with at least 256 bits.	NOT-LATITUDE	SPEC-018	SC-02	This states a lower bound or existential condition inside the rule, not an implementation choice among behaviors for one accepted program.	C7
LAT-021	Go spec	Constants	at least	Represent floating-point constants, including the parts of a complex constant, with a mantissa of at least 256 bits and a signed binary exponent of at least 16 bits.	NOT-LATITUDE	SPEC-018	SC-02	This states a lower bound or existential condition inside the rule, not an implementation choice among behaviors for one accepted program.	C7
LAT-022	Go spec	Variables	may	Structured variables of array, slice, and struct types have elements and fields that may be addressed individually.	NOT-LATITUDE	SPEC-019	SC-03; SC-08	The matched wording describes a program form, deterministic rule, permission, prohibition, or example; it does not grant semantic latitude to an implementation for one accepted program. C6 admits no array, slice or struct type, so the addressable elements arrive with aggregate data.	C10
LAT-023	Go spec	Variables	may	The dynamic type may vary during execution but values stored in interface variables are always assignable to the static type of the variable.	NOT-LATITUDE	SPEC-019	SC-03; SC-08	This describes ordinary deterministic state variation caused by program steps, not implementation latitude. It concerns interface variables, which arrive with interfaces.	C12
LAT-024	Go spec	Types	may	A type may be denoted by a type name, if it has one, which must be followed by type arguments if the type is generic.	NOT-LATITUDE	SPEC-020	SC-04	The matched wording describes a program form, deterministic rule, permission, prohibition, or example; it does not grant semantic latitude to an implementation for one accepted program. C6 admits the plain type name; the type-argument requirement closes with generics.	C13
LAT-025	Go spec	Types	may	A type may also be specified using a type literal, which composes a type from existing types.	NOT-LATITUDE	SPEC-020	SC-04	The matched wording describes a program form, deterministic rule, permission, prohibition, or example; it does not grant semantic latitude to an implementation for one accepted program. C6 admits no type literal; this closes with the last literal form.	C14
LAT-026	Go spec	Types	may	Composite types—array, struct, pointer, function, interface, slice, map, and channel types—may be constructed using type literals.	NOT-LATITUDE	SPEC-020	SC-04	The matched wording describes a program form, deterministic rule, permission, prohibition, or example; it does not grant semantic latitude to an implementation for one accepted program. Each listed form lands at its own milestone; this row closes when the last does.	C14
LAT-027	Go spec	Numeric_types	implementation-specific	There is also a set of predeclared integer types with implementation-specific sizes:	NOT-LATITUDE	SPEC-022	SC-04	The implementation parameter is fixed by the pinned 64-bit target for accepted programs; it is not a per-run Step choice. uintptr remains separately OUT.	C6
LAT-028	Go spec	Numeric_types	may	For instance, int32 and int are not the same type even though they may have the same size on a particular architecture.	NOT-LATITUDE	SPEC-022	SC-04	This is explanatory or example wording; it grants no alternate semantics.	C6
LAT-029	Go spec	Array_types	may	Array types are always one-dimensional but may be composed to form multi-dimensional types.	NOT-LATITUDE	SPEC-024	SC-04	This describes representable value or type structure, not a choice between permitted executions of one program.	C10
LAT-030	Go spec	Array_types	may	An array type T may not have an element of type T, or of a type containing T as a component, directly or indirectly, if those containing types are only array or struct types.	NOT-LATITUDE	SPEC-024	SC-04	This is a source-validity prohibition or placement restriction, not implementation latitude.	C10
LAT-031	Go spec	Slice_types	may	The length of a slice s can be discovered by the built-in function len; unlike with arrays it may change during execution.	NOT-LATITUDE	SPEC-025	SC-04	This describes ordinary deterministic state variation caused by program steps, not implementation latitude.	C10
LAT-032	Go spec	Slice_types	may	The slice index of a given element may be less than the index of the same element in the underlying array.	NOT-LATITUDE	SPEC-025	SC-04	The matched wording describes a program form, deterministic rule, permission, prohibition, or example; it does not grant semantic latitude to an implementation for one accepted program.	C10
LAT-033	Go spec	Slice_types	may	The array underlying a slice may extend past the end of the slice.	NOT-LATITUDE	SPEC-025	SC-04	This describes representable value or type structure, not a choice between permitted executions of one program.	C10
LAT-034	Go spec	Slice_types	may	A new, initialized slice value for a given element type T may be made using the built-in function make, which takes a slice type and parameters specifying the length and optionally the capacity.	NOT-LATITUDE	SPEC-025	SC-04	The matched wording describes a program form, deterministic rule, permission, prohibition, or example; it does not grant semantic latitude to an implementation for one accepted program.	C10
LAT-035	Go spec	Slice_types	may	Like arrays, slices are always one-dimensional but may be composed to construct higher-dimensional objects.	NOT-LATITUDE	SPEC-025	SC-04	This describes representable value or type structure, not a choice between permitted executions of one program.	C10
LAT-036	Go spec	Slice_types	may	With arrays of arrays, the inner arrays are, by construction, always the same length; however with slices of slices (or arrays of slices), the inner lengths may vary dynamically.	NOT-LATITUDE	SPEC-025	SC-04	This describes representable value or type structure, not a choice between permitted executions of one program.	C10
LAT-037	Go spec	Struct_types	may	Field names may be specified explicitly (IdentifierList) or implicitly (EmbeddedField).	NOT-LATITUDE	SPEC-026	SC-04	The matched wording describes a program form, deterministic rule, permission, prohibition, or example; it does not grant semantic latitude to an implementation for one accepted program.	C10
LAT-038	Go spec	Struct_types	may	An embedded field must be specified as a type name T or as a pointer to a non-interface type name *T, and T itself may not be a pointer type.	NOT-LATITUDE	SPEC-026	SC-04	This is a source-validity prohibition or placement restriction, not implementation latitude.	C10
LAT-039	Go spec	Struct_types	may	A field declaration may be followed by an optional string literal tag, which becomes an attribute for all the fields in the corresponding field declaration.	NOT-LATITUDE	SPEC-026	SC-04	The matched wording describes a program form, deterministic rule, permission, prohibition, or example; it does not grant semantic latitude to an implementation for one accepted program.	C10
LAT-040	Go spec	Struct_types	may	A struct type T may not contain a field of type T, or of a type containing T as a component, directly or indirectly, if those containing types are only array or struct types.	NOT-LATITUDE	SPEC-026	SC-04	This is a source-validity prohibition or placement restriction, not implementation latitude.	C10
LAT-041	Go spec	Function_types	may	Parameter and result lists are always parenthesized except that if there is exactly one unnamed result it may be written as an unparenthesized type.	NOT-LATITUDE	SPEC-028	SC-04	This describes a source-program choice or admitted source form that is represented by the owning syntax and facts; it is not an implementation choice for one fixed program.	C9
LAT-042	Go spec	Function_types	may	The final incoming parameter in a function signature may have a type prefixed with ....	NOT-LATITUDE	SPEC-028	SC-04	The matched wording describes a program form, deterministic rule, permission, prohibition, or example; it does not grant semantic latitude to an implementation for one accepted program.	C9
LAT-043	Go spec	Function_types	may	A function with such a parameter is called variadic and may be invoked with zero or more arguments for that parameter.	NOT-LATITUDE	SPEC-028	SC-04	The matched wording describes a program form, deterministic rule, permission, prohibition, or example; it does not grant semantic latitude to an implementation for one accepted program.	C9
LAT-044	Go spec	Basic_interfaces	may	More than one type may implement an interface.	NOT-LATITUDE	SPEC-030	SC-04; SC-13	This describes a source-program choice or admitted source form that is represented by the owning syntax and facts; it is not an implementation choice for one fixed program.	C12
LAT-045	Go spec	Basic_interfaces	may	(where T stands for either S1 or S2) then the File interface is implemented by both S1 and S2, regardless of what other methods S1 and S2 may have or share.	NOT-LATITUDE	SPEC-030	SC-04; SC-13	The matched wording describes a program form, deterministic rule, permission, prohibition, or example; it does not grant semantic latitude to an implementation for one accepted program.	C12
LAT-046	Go spec	Basic_interfaces	may	Any given type may implement several distinct interfaces.	NOT-LATITUDE	SPEC-030	SC-04; SC-13	This describes a source-program choice or admitted source form that is represented by the owning syntax and facts; it is not an implementation choice for one fixed program.	C12
LAT-047	Go spec	Embedded_interfaces	may	In a slightly more general form an interface T may use a (possibly qualified) interface type name E as an interface element.	NOT-LATITUDE	SPEC-031	SC-04; SC-13	This describes a source-program choice or admitted source form that is represented by the owning syntax and facts; it is not an implementation choice for one fixed program.	C12
LAT-048	Go spec	General_interfaces	may	In their most general form, an interface element may also be an arbitrary type term T, or a term of the form ~T specifying the underlying type T, or a union of terms t1|t2|…|tn [Go 1.18].	NOT-LATITUDE	SPEC-032	SC-04; SC-13	This is a language-history or availability statement; the current Go 1.23 construct is dispositioned by its current-spec owner row.	C12
LAT-049	Go spec	General_interfaces	implementation restriction	Implementation restriction: A union (with more than one term) cannot contain the predeclared identifier comparable or interfaces that specify methods, or embed comparable or interfaces that specify methods.	ACCEPTANCE-ALIGNMENT	SPEC-032	SC-22; SC-04; SC-13	The pinned compiler rejects a multi-term union containing an interface with methods; Fido must make that union unrepresentable in accepted general-interface facts.	C12
LAT-050	Go spec	General_interfaces	may	Interfaces that are not basic may only be used as type constraints, or as elements of other interfaces used as constraints.	NOT-LATITUDE	SPEC-032	SC-04; SC-13	This is a source-validity prohibition or placement restriction, not implementation latitude.	C12
LAT-051	Go spec	General_interfaces	may	An interface type T may not embed a type element that is, contains, or embeds T, directly or indirectly.	NOT-LATITUDE	SPEC-032	SC-04; SC-13	This is a source-validity prohibition or placement restriction, not implementation latitude.	C12
LAT-052	Go spec	General_interfaces	may	// illegal: Bad may not embed itself type Bad interface { Bad } // illegal: Bad1 may not embed itself using Bad2 type Bad1 interface { Bad2 } type Bad2 interface { Bad1 } // illegal: Bad3 may not embed a union containing Bad3 type Bad3 interface { ~int | ~string | Bad3 } // illegal: Bad4 may not embed an array containing Bad4 as element type type Bad4 interface { [10]Bad4 }	NOT-LATITUDE	SPEC-032	SC-04; SC-13	This is a source-validity prohibition or placement restriction, not implementation latitude.	C12
LAT-053	Go spec	Map_types	may	For a map m, it can be discovered using the built-in function len and may change during execution.	NOT-LATITUDE	SPEC-034	SC-04; SC-08; SC-11	This describes ordinary deterministic state variation caused by program steps, not implementation latitude.	C10
LAT-054	Go spec	Map_types	may	Elements may be added during execution using assignments and retrieved with index expressions; they may be removed with the delete and clear built-in function.	NOT-LATITUDE	SPEC-034	SC-04; SC-08; SC-11	The matched wording describes a program form, deterministic rule, permission, prohibition, or example; it does not grant semantic latitude to an implementation for one accepted program.	C10
LAT-055	Go spec	Map_types	may	A nil map is equivalent to an empty map except that no elements may be added.	NOT-LATITUDE	SPEC-034	SC-04; SC-08; SC-11	The matched wording describes a program form, deterministic rule, permission, prohibition, or example; it does not grant semantic latitude to an implementation for one accepted program.	C10
LAT-056	Go spec	Channel_types	may	A channel may be constrained only to send or only to receive by assignment or explicit conversion.	NOT-LATITUDE	SPEC-035	SC-04; SC-10	The matched wording describes a program form, deterministic rule, permission, prohibition, or example; it does not grant semantic latitude to an implementation for one accepted program.	C14
LAT-057	Go spec	Channel_types	may	A channel may be closed with the built-in function close.	NOT-LATITUDE	SPEC-035	SC-04; SC-10	The matched wording describes a program form, deterministic rule, permission, prohibition, or example; it does not grant semantic latitude to an implementation for one accepted program.	C14
LAT-058	Go spec	Channel_types	may	A single channel may be used in send statements, receive operations, and calls to the built-in functions cap and len by any number of goroutines without further synchronization.	NOT-LATITUDE	SPEC-035	SC-04; SC-10	The matched wording describes a program form, deterministic rule, permission, prohibition, or example; it does not grant semantic latitude to an implementation for one accepted program.	C14
LAT-059	Go spec	Core_types	may	It exists solely to describe the behavior of some operations that read from a sequence of bytes, which may be a byte slice or a string.	NOT-LATITUDE	SPEC-038	SC-04	The matched wording describes a program form, deterministic rule, permission, prohibition, or example; it does not grant semantic latitude to an implementation for one accepted program. Core types are a type-parameter concept and follow SPEC-038 to generics.	C13
LAT-060	Go spec	Assignability	at least	V and T have identical underlying types but are not type parameters and at least one of V or T is not a named type.	NOT-LATITUDE	SPEC-040	SC-04	This states a lower bound or existential condition inside the rule, not an implementation choice among behaviors for one accepted program. The clause needs an unnamed type, and C6 admits only basic, alias and defined names; function types are the first unnamed form.	C9
LAT-061	Go spec	Assignability	at least	V and T are channel types with identical element types, V is a bidirectional channel, and at least one of V or T is not a named type.	NOT-LATITUDE	SPEC-040	SC-04	This states a lower bound or existential condition inside the rule, not an implementation choice among behaviors for one accepted program. It is a channel assignability clause and lands with channels.	C14
LAT-062	Go spec	Declarations_and_scope	may	No identifier may be declared twice in the same block, and no identifier may be declared in both the file and package block.	NOT-LATITUDE	SPEC-044	SC-03	The matched wording describes a program form, deterministic rule, permission, prohibition, or example; it does not grant semantic latitude to an implementation for one accepted program.	C6
LAT-063	Go spec	Declarations_and_scope	may	The blank identifier may be used like any other identifier in a declaration, but it does not introduce a binding and thus is not declared.	NOT-LATITUDE	SPEC-044	SC-03	The matched wording describes a program form, deterministic rule, permission, prohibition, or example; it does not grant semantic latitude to an implementation for one accepted program.	C6
LAT-064	Go spec	Declarations_and_scope	may	In the package block, the identifier init may only be used for init function declarations, and like the blank identifier it does not introduce a new binding.	NOT-LATITUDE	SPEC-044	SC-03	This is a source-validity prohibition or placement restriction, not implementation latitude.	C6
LAT-065	Go spec	Declarations_and_scope	may	An identifier declared in a block may be redeclared in an inner block.	NOT-LATITUDE	SPEC-044	SC-03	The matched wording describes a program form, deterministic rule, permission, prohibition, or example; it does not grant semantic latitude to an implementation for one accepted program. C6 has one function-body block and no nested block, so inner-block redeclaration lands with control.	C8
LAT-066	Go spec	Exported_identifiers	may	An identifier may be exported to permit access to it from another package.	NOT-LATITUDE	SPEC-048	SC-03	The matched wording describes a program form, deterministic rule, permission, prohibition, or example; it does not grant semantic latitude to an implementation for one accepted program. Export only has effect across packages, which needs imports.	C11
LAT-067	Go spec	Constant_declarations	may	Within a parenthesized const declaration list the expression list may be omitted from any but the first ConstSpec.	NOT-LATITUDE	SPEC-050	SC-03	This is a source-spelling permission, not implementation latitude for one fixed accepted program. Inherited const initializers are C6 work: the source constructor `Syntax.InheritedConstInit` exists, and C6 owns the retained predecessor and current-iota facts that give one its meaning.	C6
LAT-068	Go spec	Type_definitions	may	A defined type may have methods associated with it.	NOT-LATITUDE	SPEC-054	SC-03; SC-04	This states what a defined type may later carry, not implementation latitude. C6 admits the defined type itself; methods on it are owned by the methods-and-interfaces milestone, and C6 represents no method.	C12
LAT-069	Go spec	Type_definitions	may	Type definitions may be used to define different boolean, numeric, or string types and associate methods with them:	NOT-LATITUDE	SPEC-054	SC-03; SC-04	The matched wording describes a program form, deterministic rule, permission, prohibition, or example; it does not grant semantic latitude to an implementation for one accepted program. C6 owns the defined types themselves through its exact SPEC rows; this row closes when methods land.	C12
LAT-070	Go spec	Type_definitions	may	A generic type may also have methods associated with it.	NOT-LATITUDE	SPEC-054	SC-03; SC-04	The matched wording describes a program form, deterministic rule, permission, prohibition, or example; it does not grant semantic latitude to an implementation for one accepted program. Generic types arrive with generics.	C13
LAT-071	Go spec	Type_parameter_declarations	may	Type parameters may also be declared by the receiver specification of a method declaration associated with a generic type.	NOT-LATITUDE	SPEC-055	SC-03; SC-04	The matched wording describes a program form, deterministic rule, permission, prohibition, or example; it does not grant semantic latitude to an implementation for one accepted program.	C13
LAT-072	Go spec	Type_parameter_declarations	may	Within a type parameter list of a generic type T, a type constraint may not (directly, or indirectly through the type parameter list of another generic type) refer to T.	NOT-LATITUDE	SPEC-055	SC-03; SC-04	This is a source-validity prohibition or placement restriction, not implementation latitude.	C13
LAT-073	Go spec	Type_constraints	may	If the constraint is an interface literal of the form interface{E} where E is an embedded type element (not a method), in a type parameter list the enclosing interface{ … } may be omitted for convenience:	NOT-LATITUDE	SPEC-056	SC-03; SC-04	This describes a source-program choice or admitted source form that is represented by the owning syntax and facts; it is not an implementation choice for one fixed program.	C13
LAT-074	Go spec	Type_constraints	may	The comparable interface and interfaces that (directly or indirectly) embed comparable may only be used as type constraints.	NOT-LATITUDE	SPEC-056	SC-03; SC-04	This is a source-validity prohibition or placement restriction, not implementation latitude.	C13
LAT-075	Go spec	Satisfying_a_type_constraint	may	As an exception, a strictly comparable type constraint may also be satisfied by a comparable (not necessarily strictly comparable) type argument [Go 1.20].	NOT-LATITUDE	SPEC-057	SC-03; SC-04	This is a language-history or availability statement; the current Go 1.23 construct is dispositioned by its current-spec owner row.	C13
LAT-076	Go spec	Satisfying_a_type_constraint	may	Because of the exception in the constraint satisfaction rule, comparing operands of type parameter type may panic at run-time (even though comparable type parameters are always strictly comparable).	NOT-LATITUDE	SPEC-057	SC-03; SC-04	The matched wording describes a program form, deterministic rule, permission, prohibition, or example; it does not grant semantic latitude to an implementation for one accepted program.	C13
LAT-077	Go spec	Variable_declarations	may, implementation restriction	Implementation restriction: A compiler may make it illegal to declare a variable inside a function body if the variable is never used.	ACCEPTANCE-ALIGNMENT	SPEC-058	SC-22; SC-03	The pinned compiler rejects a function-local variable that is declared and never used; Fido acceptance must reject the same source before runtime state exists.	C6
LAT-078	Go spec	Short_variable_declarations	may, at least	Unlike regular variable declarations, a short variable declaration may redeclare variables provided they were originally declared earlier in the same block (or the parameter lists if the block is the function body) with the same type, and at least one of the non-blank variables is new.	NOT-LATITUDE	SPEC-059	SC-03	This states a lower bound or existential condition inside the rule, not an implementation choice among behaviors for one accepted program.	C6
LAT-079	Go spec	Short_variable_declarations	may	Short variable declarations may appear only inside functions.	NOT-LATITUDE	SPEC-059	SC-03	This is a placement restriction on a source form, not implementation latitude. Short variable declarations are C6 work: no current syntax represents one, and C6 owns the function-local-only rule and the new-nonblank-name requirement.	C6
LAT-080	Go spec	Function_declarations	may	A function declaration without type parameters may omit the body.	NOT-LATITUDE	SPEC-060	SC-03; SC-07	The matched wording describes a program form, deterministic rule, permission, prohibition, or example; it does not grant semantic latitude to an implementation for one accepted program.	C9
LAT-081	Go spec	Method_declarations	may	If the receiver's value is not referenced inside the body of the method, its identifier may be omitted in the declaration.	NOT-LATITUDE	SPEC-061	SC-03; SC-07	This describes a source-program choice or admitted source form that is represented by the owning syntax and facts; it is not an implementation choice for one fixed program.	C12
LAT-082	Go spec	Operands	may	An operand may be a literal, a (possibly qualified) non-blank identifier denoting a constant, variable, or function, or a parenthesized expression.	NOT-LATITUDE	SPEC-063	SC-05	The matched wording describes a program form, deterministic rule, permission, prohibition, or example; it does not grant semantic latitude to an implementation for one accepted program.	C7
LAT-083	Go spec	Operands	may	An operand name denoting a generic function may be followed by a list of type arguments; the resulting operand is an instantiated function.	NOT-LATITUDE	SPEC-063	SC-05	The matched wording describes a program form, deterministic rule, permission, prohibition, or example; it does not grant semantic latitude to an implementation for one accepted program.	C7
LAT-084	Go spec	Operands	may	The blank identifier may appear as an operand only on the left-hand side of an assignment statement.	NOT-LATITUDE	SPEC-063	SC-05	This describes a source-program choice or admitted source form that is represented by the owning syntax and facts; it is not an implementation choice for one fixed program.	C7
LAT-085	Go spec	Operands	implementation restriction	Implementation restriction: A compiler need not report an error if an operand's type is a type parameter with an empty type set.	ACCEPTANCE-ALIGNMENT	SPEC-063	SC-22; SC-05; SC-13	The pinned compiler reports an invalid operand when the operand type parameter has an empty type set; Fido must not accept an expression fact that lacks an admissible operator case.	C7
LAT-086	Go spec	Composite_literals	may	Each element may optionally be preceded by a corresponding key.	NOT-LATITUDE	SPEC-065	SC-05; SC-08	The matched wording describes a program form, deterministic rule, permission, prohibition, or example; it does not grant semantic latitude to an implementation for one accepted program.	C10
LAT-087	Go spec	Composite_literals	may	A literal may omit the element list; such a literal evaluates to the zero value for its type.	NOT-LATITUDE	SPEC-065	SC-05; SC-08	The matched wording describes a program form, deterministic rule, permission, prohibition, or example; it does not grant semantic latitude to an implementation for one accepted program.	C10
LAT-088	Go spec	Composite_literals	may	one may write	NOT-LATITUDE	SPEC-065	SC-05; SC-08	This is explanatory or example wording; it grants no alternate semantics.	C10
LAT-089	Go spec	Composite_literals	may	Within a composite literal of array, slice, or map type T, elements or map keys that are themselves composite literals may elide the respective literal type if it is identical to the element or key type of T.	NOT-LATITUDE	SPEC-065	SC-05; SC-08	The matched wording describes a program form, deterministic rule, permission, prohibition, or example; it does not grant semantic latitude to an implementation for one accepted program.	C10
LAT-090	Go spec	Composite_literals	may	Similarly, elements or keys that are addresses of composite literals may elide the &T when the element or key type is *T.	NOT-LATITUDE	SPEC-065	SC-05; SC-08	The matched wording describes a program form, deterministic rule, permission, prohibition, or example; it does not grant semantic latitude to an implementation for one accepted program.	C10
LAT-091	Go spec	Function_literals	may	Function literals are closures: they may refer to variables defined in a surrounding function.	NOT-LATITUDE	SPEC-066	SC-05; SC-07	This describes a source-program choice or admitted source form that is represented by the owning syntax and facts; it is not an implementation choice for one fixed program.	C9
LAT-092	Go spec	Selectors	may	A selector f may denote a field or method f of a type T, or it may refer to a field or method f of a nested embedded field of T.	NOT-LATITUDE	SPEC-068	SC-05; SC-13	This describes a source-program choice or admitted source form that is represented by the owning syntax and facts; it is not an implementation choice for one fixed program.	C12
LAT-093	Go spec	Selectors	may	one may write:	NOT-LATITUDE	SPEC-068	SC-05; SC-13	This is explanatory or example wording; it grants no alternate semantics.	C12
LAT-094	Go spec	Method_expressions	may	That function may be called normally with an explicit receiver, so these five invocations are equivalent:	NOT-LATITUDE	SPEC-069	SC-05; SC-13	The matched wording describes a program form, deterministic rule, permission, prohibition, or example; it does not grant semantic latitude to an implementation for one accepted program.	C12
LAT-095	Go spec	Method_values	may	The expression x is evaluated and saved during the evaluation of the method value; the saved copy is then used as the receiver in any calls, which may be executed later.	NOT-LATITUDE	SPEC-070	SC-05; SC-13	The matched wording describes a program form, deterministic rule, permission, prohibition, or example; it does not grant semantic latitude to an implementation for one accepted program.	C12
LAT-096	Go spec	Method_values	may	The type T may be an interface or non-interface type.	NOT-LATITUDE	SPEC-070	SC-05; SC-13	The matched wording describes a program form, deterministic rule, permission, prohibition, or example; it does not grant semantic latitude to an implementation for one accepted program.	C12
LAT-097	Go spec	Index_expressions	may	a[x] may not be assigned to	NOT-LATITUDE	SPEC-071	SC-05; SC-08	This is a source-validity prohibition or placement restriction, not implementation latitude.	C10
LAT-098	Go spec	Index_expressions	may	a[x] may not be assigned to if P's type set includes string types.	NOT-LATITUDE	SPEC-071	SC-05; SC-08	This is a source-validity prohibition or placement restriction, not implementation latitude.	C10
LAT-099	Go spec	Simple_slice_expressions	may	For convenience, any of the indices may be omitted.	NOT-LATITUDE	SPEC-073	SC-05; SC-08	This describes a source-program choice or admitted source form that is represented by the owning syntax and facts; it is not an implementation choice for one fixed program.	C10
LAT-100	Go spec	Full_slice_expressions	may	Only the first index may be omitted; it defaults to 0.	NOT-LATITUDE	SPEC-074	SC-05; SC-08	This describes a source-program choice or admitted source form that is represented by the owning syntax and facts; it is not an implementation choice for one fixed program.	C10
LAT-101	Go spec	Calls	at least	The call of f must contain no parameters other than the call of g, and g must have at least one return value.	NOT-LATITUDE	SPEC-076	SC-05; SC-07	This states a lower bound or existential condition inside the rule, not an implementation choice among behaviors for one accepted program.	C9
LAT-102	Go spec	Passing_arguments_to_..._parameters	may	The length and capacity of the slice is therefore the number of arguments bound to p and may differ for each call site.	NOT-LATITUDE	SPEC-077	SC-05; SC-07	The matched wording describes a program form, deterministic rule, permission, prohibition, or example; it does not grant semantic latitude to an implementation for one accepted program.	C9
LAT-103	Go spec	Instantiations	may	When using a generic function, type arguments may be provided explicitly, or they may be partially or completely inferred from the context in which the function is used.	NOT-LATITUDE	SPEC-078	SC-05; SC-04	The matched wording describes a program form, deterministic rule, permission, prohibition, or example; it does not grant semantic latitude to an implementation for one accepted program.	C13
LAT-104	Go spec	Instantiations	may	Provided that they can be inferred, type argument lists may be omitted entirely if the function is:	NOT-LATITUDE	SPEC-078	SC-05; SC-04	This describes a source-program choice or admitted source form that is represented by the owning syntax and facts; it is not an implementation choice for one fixed program.	C13
LAT-105	Go spec	Instantiations	at least	A partial type argument list cannot be empty; at least the first argument must be present.	NOT-LATITUDE	SPEC-078	SC-05; SC-04	This states a lower bound or existential condition inside the rule, not an implementation choice among behaviors for one accepted program.	C13
LAT-106	Go spec	Instantiations	may	Loosely speaking, type arguments may be omitted from "right to left".	NOT-LATITUDE	SPEC-078	SC-05; SC-04	This describes a source-program choice or admitted source form that is represented by the owning syntax and facts; it is not an implementation choice for one fixed program.	C13
LAT-107	Go spec	Type_inference	may	A use of a generic function may omit some or all type arguments if they can be inferred from the context within which the function is used, including the constraints of the function's type parameters.	NOT-LATITUDE	SPEC-079	SC-05; SC-04	The matched wording describes a program form, deterministic rule, permission, prohibition, or example; it does not grant semantic latitude to an implementation for one accepted program.	C13
LAT-108	Go spec	Type_inference	may	An argument to a generic function call may be a generic function itself.	NOT-LATITUDE	SPEC-079	SC-05; SC-04	The matched wording describes a program form, deterministic rule, permission, prohibition, or example; it does not grant semantic latitude to an implementation for one accepted program.	C13
LAT-109	Go spec	Type_inference	may	The types of function arguments may contain type parameters from other functions (such as a generic function enclosing a function call).	NOT-LATITUDE	SPEC-079	SC-05; SC-04	This describes a source-program choice or admitted source form that is represented by the owning syntax and facts; it is not an implementation choice for one fixed program.	C13
LAT-110	Go spec	Type_inference	may	Those type parameters may also appear in type equations but they are not bound in that context.	NOT-LATITUDE	SPEC-079	SC-05; SC-04	The matched wording describes a program form, deterministic rule, permission, prohibition, or example; it does not grant semantic latitude to an implementation for one accepted program.	C13
LAT-111	Go spec	Type_inference	may	A type argument Ak may be a composite type, containing other bound type parameters Pk as element types (or even be just another bound type parameter).	NOT-LATITUDE	SPEC-079	SC-05; SC-04	The matched wording describes a program form, deterministic rule, permission, prohibition, or example; it does not grant semantic latitude to an implementation for one accepted program.	C13
LAT-112	Go spec	Type_unification	may	Type unification recursively compares the LHS and RHS types of an equation, where either or both types may be or contain bound type parameters, and looks for type arguments for those type parameters such that the LHS and RHS match (become identical or assignment-compatible, depending on context).	NOT-LATITUDE	SPEC-080	SC-05; SC-04	The matched wording describes a program form, deterministic rule, permission, prohibition, or example; it does not grant semantic latitude to an implementation for one accepted program.	C13
LAT-113	Go spec	Type_unification	may	For an equation of the form X ≡A Y, where X and Y are types involved in an assignment (including parameter passing and return statements), the top-level type structures may unify loosely but element types must unify exactly, matching the rules for assignments.	NOT-LATITUDE	SPEC-080	SC-05; SC-04	The matched wording describes a program form, deterministic rule, permission, prohibition, or example; it does not grant semantic latitude to an implementation for one accepted program.	C13
LAT-114	Go spec	Type_unification	may	When solving type equations from type constraints, solving one equation may infer additional type arguments, which in turn may enable solving other equations that depend on those type arguments.	NOT-LATITUDE	SPEC-080	SC-05; SC-04	This describes a source-program choice or admitted source form that is represented by the owning syntax and facts; it is not an implementation choice for one fixed program.	C13
LAT-115	Go spec	Integer_operators	may	If the dividend is non-negative and the divisor is a constant power of 2, the division may be replaced by a right shift, and computing the remainder may be replaced by a bitwise AND operation:	NOT-LATITUDE	SPEC-084	SC-05; SC-02	The matched wording describes a program form, deterministic rule, permission, prohibition, or example; it does not grant semantic latitude to an implementation for one accepted program.	C7
LAT-116	Go spec	Integer_overflow	may	Loosely speaking, these unsigned integer operations discard high bits upon overflow, and programs may rely on "wrap around".	NOT-LATITUDE	SPEC-085	SC-05; SC-02	This states deterministic language behavior that programs may rely on; it does not grant an implementation choice.	C7
LAT-117	Go spec	Integer_overflow	may	For signed integers, the operations +, -, *, /, and << may legally overflow and the resulting value exists and is deterministically defined by the signed integer representation, the operation, and its operands.	NOT-LATITUDE	SPEC-085	SC-05; SC-02	This states deterministic language behavior that programs may rely on; it does not grant an implementation choice.	C7
LAT-118	Go spec	Integer_overflow	may	A compiler may not optimize code under the assumption that overflow does not occur.	NOT-LATITUDE	SPEC-085	SC-05; SC-02	This is a deterministic prohibition on assuming overflow cannot occur. It grants no choice: SC-05 must preserve the specified integer wrap behavior.	C7
LAT-119	Go spec	Integer_overflow	may	For instance, it may not assume that x < x + 1 is always true.	NOT-LATITUDE	SPEC-085	SC-05; SC-02	This is a source-validity prohibition or placement restriction, not implementation latitude.	C7
LAT-120	Go spec	Floating_point_operators	not specified, implementation-specific	The result of a floating-point or complex division by zero is not specified beyond the IEEE 754 standard; whether a run-time panic occurs is implementation-specific.	STEP-NONDET	SPEC-086	SC-05; SC-02; SC-20	Step admits every result or structured runtime panic permitted by the IEEE-754-bounded division rule; the choice appears through ordinary value or panic behavior.	C7
LAT-121	Go spec	Floating_point_operators	may	An implementation may combine multiple floating-point operations into a single fused operation, possibly across statements, and produce a result that differs from the value obtained by executing and rounding the instructions individually.	STEP-NONDET	SPEC-086	SC-05; SC-02; SC-20	Step admits both separately rounded and specification-permitted fused evaluation; pinned go1.23.2 linux/amd64 non-fusion is adequacy evidence, not spec truth.	C7
LAT-122	Go spec	Comparison_operators	may	Pointers to distinct zero-size variables may or may not be equal.	STEP-NONDET	SPEC-088	SC-05; SC-02; SC-20	Pointer comparison Step admits either equality result for distinct zero-size variables while preserving deterministic equality for the same pointer.	C7
LAT-123	Go spec	Comparison_operators	may	However, as a special case, a slice, map, or function value may be compared to the predeclared identifier nil.	NOT-LATITUDE	SPEC-088	SC-05; SC-02	The matched wording describes a program form, deterministic rule, permission, prohibition, or example; it does not grant semantic latitude to an implementation for one accepted program.	C7
LAT-124	Go spec	Address_operators	may	As an exception to the addressability requirement, x may also be a (possibly parenthesized) composite literal.	NOT-LATITUDE	SPEC-090	SC-05; SC-08	The matched wording describes a program form, deterministic rule, permission, prohibition, or example; it does not grant semantic latitude to an implementation for one accepted program.	C10
LAT-125	Go spec	Conversions	may	A conversion may appear literally in the source, or it may be implied by the context in which an expression appears.	NOT-LATITUDE	SPEC-092	SC-05; SC-08	This describes a source-program choice or admitted source form that is represented by the owning syntax and facts; it is not an implementation choice for one fixed program.	C7
LAT-126	Go spec	Conversions	may	These conversions may change the representation of x and incur a run-time cost.	NOT-LATITUDE	SPEC-092	SC-05; SC-08	The matched wording describes a program form, deterministic rule, permission, prohibition, or example; it does not grant semantic latitude to an implementation for one accepted program.	C7
LAT-127	Go spec	Conversions_between_numeric_types	may	For instance, the value of a variable x of type float32 may be stored using additional precision beyond that of an IEEE 754 32-bit number, but float32(x) represents the result of rounding x's value to 32-bit precision.	STEP-NONDET	SPEC-093	SC-05; SC-08; SC-20	Floating evaluation admits each spec-permitted retained intermediate precision; explicit conversion and required rounding points remain deterministic.	C7
LAT-128	Go spec	Conversions_between_numeric_types	may	Similarly, x + 0.1 may use more than 32 bits of precision, but float32(x + 0.1) does not.	STEP-NONDET	SPEC-093	SC-05; SC-08; SC-20	Floating evaluation admits each spec-permitted retained intermediate precision; explicit conversion and required rounding points remain deterministic.	C7
LAT-129	Go spec	Conversions_to_and_from_a_string_type	may	Finally, for historical reasons, an integer value may be converted to a string type.	NOT-LATITUDE	SPEC-094	SC-05; SC-08	This describes a source-program choice or admitted source form that is represented by the owning syntax and facts; it is not an implementation choice for one fixed program.	C10
LAT-130	Go spec	Conversions_to_and_from_a_string_type	may	Values outside the range of valid Unicode code points are converted to "\uFFFD". string('a') // "a" string(65) // "A" string('\xf8') // "\u00f8" == "ø" == "\xc3\xb8" string(-1) // "\ufffd" == "\xef\xbf\xbd" type myString string myString('\u65e5') // "\u65e5" == "日" == "\xe6\x97\xa5" Note: This form of conversion may eventually be removed from the language.	NOT-LATITUDE	SPEC-094	SC-05; SC-08	The matched wording describes a program form, deterministic rule, permission, prohibition, or example; it does not grant semantic latitude to an implementation for one accepted program.	C10
LAT-131	Go spec	Constant_expressions	may	Constant expressions may contain only constant operands and are evaluated at compile time.	NOT-LATITUDE	SPEC-096	SC-05; SC-02	This describes a source-program choice or admitted source form that is represented by the owning syntax and facts; it is not an implementation choice for one fixed program.	C7
LAT-132	Go spec	Constant_expressions	may	Untyped boolean, numeric, and string constants may be used as operands wherever it is legal to use an operand of boolean, numeric, or string type, respectively.	NOT-LATITUDE	SPEC-096	SC-05; SC-02	The matched wording describes a program form, deterministic rule, permission, prohibition, or example; it does not grant semantic latitude to an implementation for one accepted program.	C7
LAT-133	Go spec	Constant_expressions	may	Constant expressions are always evaluated exactly; intermediate values and the constants themselves may require precision significantly larger than supported by any predeclared type in the language.	NOT-LATITUDE	SPEC-096	SC-05; SC-02	The matched wording describes a program form, deterministic rule, permission, prohibition, or example; it does not grant semantic latitude to an implementation for one accepted program.	C7
LAT-134	Go spec	Constant_expressions	may, implementation restriction	Implementation restriction: A compiler may use rounding while computing untyped floating-point or complex constant expressions; see the implementation restriction in the section on constants.	NOT-LATITUDE	SPEC-096	SC-05; SC-02	This sentence grants constant-value rounding latitude, not a separate acceptance rule. Its value meaning is owned exclusively by LAT-X004, SPEC-096, intrinsic Compilable.ExpressionFact, and SC-05.	C7
LAT-135	Go spec	Constant_expressions	may	This rounding may cause a floating-point constant expression to be invalid in an integer context, even if it would be integral when calculated using infinite precision, and vice versa.	NOT-LATITUDE	SPEC-096	SC-05; SC-02	The matched wording describes a program form, deterministic rule, permission, prohibition, or example; it does not grant semantic latitude to an implementation for one accepted program.	C7
LAT-136	Go spec	Order_of_evaluation	not specified	However, the order of those events compared to the evaluation and indexing of x and the evaluation of y and z is not specified, except as required lexically.	STEP-NONDET	SPEC-097	SC-05; SC-20	Step branches over every spec-permitted unspecified evaluation order; the chosen order is visible only through the ordinary calls, receives, reads, and writes it performs.	C7
LAT-137	Go spec	Order_of_evaluation	may, not specified	a := 1 f := func() int { a++; return a } x := []int{a, f()} // x may be [1, 2] or [2, 2]: evaluation order between a and f() is not specified m := map[int]int{a: 1, a: 2} // m may be {2: 1} or {2: 2}: evaluation order between the two map assignments is not specified n := map[int]int{a: f()} // n may be {2: 3} or {3: 3}: evaluation order between the key and the value is not specified	STEP-NONDET	SPEC-097	SC-05; SC-20	Step branches over every spec-permitted unspecified evaluation order; the chosen order is visible only through the ordinary calls, receives, reads, and writes it performs.	C7
LAT-138	Go spec	Labeled_statements	may	A labeled statement may be the target of a goto, break or continue statement.	NOT-LATITUDE	SPEC-101	SC-06	The matched wording describes a program form, deterministic rule, permission, prohibition, or example; it does not grant semantic latitude to an implementation for one accepted program.	C8
LAT-139	Go spec	Expression_statements	may	Such statements may be parenthesized.	NOT-LATITUDE	SPEC-102	SC-06	The matched wording describes a program form, deterministic rule, permission, prohibition, or example; it does not grant semantic latitude to an implementation for one accepted program.	C8
LAT-140	Go spec	Assignment_statements	may	An assignment statement may assign a single value to a single variable, or multiple values to a matching number of variables.	NOT-LATITUDE	SPEC-105	SC-06	The matched wording describes a program form, deterministic rule, permission, prohibition, or example; it does not grant semantic latitude to an implementation for one accepted program.	C8
LAT-141	Go spec	Assignment_statements	may	Operands may be parenthesized.	NOT-LATITUDE	SPEC-105	SC-06	The matched wording describes a program form, deterministic rule, permission, prohibition, or example; it does not grant semantic latitude to an implementation for one accepted program.	C8
LAT-142	Go spec	Assignment_statements	may	Any typed value may be assigned to the blank identifier.	NOT-LATITUDE	SPEC-105	SC-06	This describes a source-program choice or admitted source form that is represented by the owning syntax and facts; it is not an implementation choice for one fixed program.	C8
LAT-143	Go spec	If_statements	may	The expression may be preceded by a simple statement, which executes before the expression is evaluated.	NOT-LATITUDE	SPEC-106	SC-06	The matched wording describes a program form, deterministic rule, permission, prohibition, or example; it does not grant semantic latitude to an implementation for one accepted program.	C8
LAT-144	Go spec	Expression_switches	may	There can be at most one default case and it may appear anywhere in the "switch" statement.	NOT-LATITUDE	SPEC-108	SC-06	This describes a source-program choice or admitted source form that is represented by the owning syntax and facts; it is not an implementation choice for one fixed program.	C8
LAT-145	Go spec	Expression_switches	may	In a case or default clause, the last non-empty statement may be a (possibly labeled) "fallthrough" statement to indicate that control should flow from the end of this clause to the first statement of the next clause.	NOT-LATITUDE	SPEC-108	SC-06	The matched wording describes a program form, deterministic rule, permission, prohibition, or example; it does not grant semantic latitude to an implementation for one accepted program.	C8
LAT-146	Go spec	Expression_switches	may	A "fallthrough" statement may appear as the last statement of all but the last clause of an expression switch.	NOT-LATITUDE	SPEC-108	SC-06	This describes a source-program choice or admitted source form that is represented by the owning syntax and facts; it is not an implementation choice for one fixed program.	C8
LAT-147	Go spec	Expression_switches	may	The switch expression may be preceded by a simple statement, which executes before the expression is evaluated.	NOT-LATITUDE	SPEC-108	SC-06	The matched wording describes a program form, deterministic rule, permission, prohibition, or example; it does not grant semantic latitude to an implementation for one accepted program.	C8
LAT-148	Go spec	Expression_switches	may, implementation restriction	Implementation restriction: A compiler may disallow multiple case expressions evaluating to the same constant.	ACCEPTANCE-ALIGNMENT	SPEC-108	SC-22; SC-06	The pinned compiler rejects duplicate constant case expressions in one expression switch; Fido must reject the duplicate during elaboration rather than rely on runtime case order.	C8
LAT-149	Go spec	Type_switches	may	The TypeSwitchGuard may include a short variable declaration.	NOT-LATITUDE	SPEC-109	SC-06	This describes a source-program choice or admitted source form that is represented by the owning syntax and facts; it is not an implementation choice for one fixed program.	C12
LAT-150	Go spec	Type_switches	may	Instead of a type, a case may use the predeclared identifier nil; that case is selected when the expression in the TypeSwitchGuard is a nil interface value.	NOT-LATITUDE	SPEC-109	SC-06	This describes a source-program choice or admitted source form that is represented by the owning syntax and facts; it is not an implementation choice for one fixed program.	C12
LAT-151	Go spec	Type_switches	may	There may be at most one nil case.	NOT-LATITUDE	SPEC-109	SC-06	The matched wording describes a program form, deterministic rule, permission, prohibition, or example; it does not grant semantic latitude to an implementation for one accepted program.	C12
LAT-152	Go spec	Type_switches	may	A type parameter or a generic type may be used as a type in a case.	NOT-LATITUDE	SPEC-109	SC-06	The matched wording describes a program form, deterministic rule, permission, prohibition, or example; it does not grant semantic latitude to an implementation for one accepted program.	C12
LAT-153	Go spec	Type_switches	may	The type switch guard may be preceded by a simple statement, which executes before the guard is evaluated.	NOT-LATITUDE	SPEC-109	SC-06	The matched wording describes a program form, deterministic rule, permission, prohibition, or example; it does not grant semantic latitude to an implementation for one accepted program.	C12
LAT-154	Go spec	For_statements	may	There are three forms: The iteration may be controlled by a single condition, a "for" clause, or a "range" clause.	NOT-LATITUDE	SPEC-110	SC-06	The matched wording describes a program form, deterministic rule, permission, prohibition, or example; it does not grant semantic latitude to an implementation for one accepted program.	C8
LAT-155	Go spec	For_clause	may	A "for" statement with a ForClause is also controlled by its condition, but additionally it may specify an init and a post statement, such as an assignment, an increment or decrement statement.	NOT-LATITUDE	SPEC-112	SC-06	This describes a source-program choice or admitted source form that is represented by the owning syntax and facts; it is not an implementation choice for one fixed program.	C8
LAT-156	Go spec	For_clause	may	The init statement may be a short variable declaration, but the post statement must not.	NOT-LATITUDE	SPEC-112	SC-06	The matched wording describes a program form, deterministic rule, permission, prohibition, or example; it does not grant semantic latitude to an implementation for one accepted program.	C8
LAT-157	Go spec	For_clause	may	Any element of the ForClause may be empty but the semicolons are required unless there is only a condition.	NOT-LATITUDE	SPEC-112	SC-06	The matched wording describes a program form, deterministic rule, permission, prohibition, or example; it does not grant semantic latitude to an implementation for one accepted program.	C8
LAT-158	Go spec	For_range	may	If the range expression is a channel or integer, at most one iteration variable is permitted; otherwise there may be up to two.	NOT-LATITUDE	SPEC-113	SC-06; SC-11; SC-10	The matched wording describes a program form, deterministic rule, permission, prohibition, or example; it does not grant semantic latitude to an implementation for one accepted program.	C11
LAT-159	Go spec	For_range	not specified	The iteration order over maps is not specified and is not guaranteed to be the same from one iteration to the next.	STEP-NONDET	SPEC-X006	SC-11; SC-17; SC-20	Range Step chooses any current map key allowed by the specification; the chosen key is retained in the ordinary range Action.	C11
LAT-160	Go spec	For_range	may	If a map entry is created during iteration, that entry may be produced during the iteration or may be skipped.	NOT-LATITUDE	SPEC-113	SC-06; SC-11; SC-10	The matched wording describes a program form, deterministic rule, permission, prohibition, or example; it does not grant semantic latitude to an implementation for one accepted program.	C11
LAT-161	Go spec	For_range	may	The choice may vary for each entry created and from one iteration to the next.	NOT-LATITUDE	SPEC-113	SC-06; SC-11; SC-10	The matched wording describes a program form, deterministic rule, permission, prohibition, or example; it does not grant semantic latitude to an implementation for one accepted program.	C11
LAT-162	Go spec	For_range	may	After each successive loop iteration, yield returns true and may be called again to continue the loop.	NOT-LATITUDE	SPEC-113	SC-06; SC-11; SC-10	The matched wording describes a program form, deterministic rule, permission, prohibition, or example; it does not grant semantic latitude to an implementation for one accepted program.	C11
LAT-163	Go spec	For_range	may	The iteration variables may be declared by the "range" clause using a form of short variable declaration (:=).	NOT-LATITUDE	SPEC-113	SC-06; SC-11; SC-10	The matched wording describes a program form, deterministic rule, permission, prohibition, or example; it does not grant semantic latitude to an implementation for one accepted program.	C11
LAT-164	Go spec	Select_statements	may	A case with a RecvStmt may assign the result of a RecvExpr to one or two variables, which may be declared using a short variable declaration.	NOT-LATITUDE	SPEC-115	SC-06; SC-10; SC-18	The matched wording describes a program form, deterministic rule, permission, prohibition, or example; it does not grant semantic latitude to an implementation for one accepted program.	C14
LAT-165	Go spec	Select_statements	may	There can be at most one default case and it may appear anywhere in the list of cases.	NOT-LATITUDE	SPEC-115	SC-06; SC-10; SC-18	This describes a source-program choice or admitted source form that is represented by the owning syntax and facts; it is not an implementation choice for one fixed program.	C14
LAT-166	Go spec	Select_statements	at least	If there is no default case, the "select" statement blocks until at least one of the communications can proceed.	NOT-LATITUDE	SPEC-115	SC-06; SC-10; SC-18	This states a lower bound or existential condition inside the rule, not an implementation choice among behaviors for one accepted program.	C14
LAT-167	Go spec	Return_statements	may	The return value or values may be explicitly listed in the "return" statement.	NOT-LATITUDE	SPEC-116	SC-06; SC-07	The matched wording describes a program form, deterministic rule, permission, prohibition, or example; it does not grant semantic latitude to an implementation for one accepted program.	C9
LAT-168	Go spec	Return_statements	may	The expression list in the "return" statement may be a single call to a multi-valued function.	NOT-LATITUDE	SPEC-116	SC-06; SC-07	The matched wording describes a program form, deterministic rule, permission, prohibition, or example; it does not grant semantic latitude to an implementation for one accepted program.	C9
LAT-169	Go spec	Return_statements	may	The expression list may be empty if the function's result type specifies names for its result parameters.	NOT-LATITUDE	SPEC-116	SC-06; SC-07	The matched wording describes a program form, deterministic rule, permission, prohibition, or example; it does not grant semantic latitude to an implementation for one accepted program.	C9
LAT-170	Go spec	Return_statements	may	The result parameters act as ordinary local variables and the function may assign values to them as necessary.	NOT-LATITUDE	SPEC-116	SC-06; SC-07	The matched wording describes a program form, deterministic rule, permission, prohibition, or example; it does not grant semantic latitude to an implementation for one accepted program.	C9
LAT-171	Go spec	Return_statements	may, implementation restriction	Implementation restriction: A compiler may disallow an empty expression list in a "return" statement if a different entity (constant, type, or variable) with the same name as a result parameter is in scope at the place of the return.	ACCEPTANCE-ALIGNMENT	SPEC-116	SC-22; SC-06; SC-07	The pinned compiler rejects a naked return when an inner declaration shadows a named result; Fido must reject that exact scope state rather than resolve the result after the fact.	C9
LAT-172	Go spec	Fallthrough_statements	may	It may be used only as the final non-empty statement in such a clause.	NOT-LATITUDE	SPEC-120	SC-06	The matched wording describes a program form, deterministic rule, permission, prohibition, or example; it does not grant semantic latitude to an implementation for one accepted program.	C8
LAT-173	Go spec	Defer_statements	may	For instance, if the deferred function is a function literal and the surrounding function has named result parameters that are in scope within the literal, the deferred function may access and modify the result parameters before they are returned.	NOT-LATITUDE	SPEC-121	SC-06; SC-09	This is explanatory or example wording; it grants no alternate semantics.	C9
LAT-174	Go spec	Min_and_max	at least	There must be at least one argument [Go 1.21].	NOT-LATITUDE	SPEC-130	SC-15	This states a lower bound or existential condition inside the rule, not an implementation choice among behaviors for one accepted program.	C7
LAT-175	Go spec	Min_and_max	at least	var x, y int m := min(x) // m == x m := min(x, y) // m is the smaller of x and y m := max(x, y, 10) // m is the larger of x and y but at least 10 c := max(1, 2.0, 10) // c == 10.0 (floating-point kind) f := max(0, float32(x)) // type of f is float32 var s []string _ = min(s...) // invalid: slice arguments are not permitted t := max("", "foo", "bar") // t == "foo" (string kind)	NOT-LATITUDE	SPEC-130	SC-15	This states a lower bound or existential condition inside the rule, not an implementation choice among behaviors for one accepted program.	C7
LAT-176	Go spec	Bootstrapping	implementation-specific	Function Behavior print prints all arguments; formatting of arguments is implementation-specific println like print but prints spaces between arguments and a newline at the end	ADEQUACY-DEMOTION	SPEC-X005	SC-17	The specification does not fix print/println formatting. Formal semantics owns operand evaluation; exact stderr bytes are claimed only for the pinned toolchain observation contract.	C7
LAT-177	Go spec	Bootstrapping	implementation restriction	Implementation restriction: print and println need not accept arbitrary argument types, but printing of boolean, numeric, and string types must be supported.	ACCEPTANCE-ALIGNMENT	SPEC-133	SC-22; SC-15	The pinned compiler rejects print/println of a direct struct operand while accepting the required boolean, numeric, and string classes; Fido must admit only the pinned accepted operand profile.	C7
LAT-178	Go spec	Packages	may	Those elements may be exported and used in another package.	NOT-LATITUDE	SPEC-134	SC-14	The matched wording describes a program form, deterministic rule, permission, prohibition, or example; it does not grant semantic latitude to an implementation for one accepted program.	C11
LAT-179	Go spec	Package_clause	may	An implementation may require that all source files for a package inhabit the same directory.	NOT-LATITUDE	SPEC-136	SC-14	The matched wording describes a program form, deterministic rule, permission, prohibition, or example; it does not grant semantic latitude to an implementation for one accepted program.	C11
LAT-180	Go spec	Import_declarations	may	The interpretation of the ImportPath is implementation-dependent but it is typically a substring of the full file name of the compiled package and may be relative to a repository of installed packages.	OUT-COVERED	BOUND-X009	SC-19	Import-path interpretation outside the retained closed package graph is wholly priced by BOUND-X009; no host repository lookup or path rewriting exists in the accepted language.	OUT
LAT-181	Go spec	Import_declarations	may, implementation restriction	Implementation restriction: A compiler may restrict ImportPaths to non-empty strings using only characters belonging to Unicode's L, M, N, P, and S general categories (the Graphic characters without spaces) and may also exclude the characters !"#$%&'()*,:;<=>?[\]^`{|} and the Unicode replacement character U+FFFD.	OUT-COVERED	BOUND-X009	SC-19	Import-path character restrictions belong wholly to the priced external import-path boundary BOUND-X009; inclusion requires that row's written source/parser/package-identity price.	OUT
LAT-182	Go spec	Package_initialization	unspecified	If other, hidden, data dependencies exists between variables, the initialization order between those variables is unspecified.	STEP-NONDET	SPEC-141	SC-14; SC-20	Initialization Step chooses any ready initializer consistent with the retained dependency partial order when hidden dependencies leave the relative order unspecified.	C11
LAT-183	Go spec	Package_initialization	not specified	the variable a will be initialized after b but whether x is initialized before b, between b and a, or after a, and thus also the moment at which sideEffect() is called (before or after x is initialized) is not specified.	STEP-NONDET	SPEC-141	SC-14; SC-20	Initialization Step chooses any ready initializer consistent with the retained dependency partial order when hidden dependencies leave the relative order unspecified.	C11
LAT-184	Go spec	Package_initialization	may	Variables may also be initialized using functions named init declared in the package block, with no arguments and no result parameters.	NOT-LATITUDE	SPEC-141	SC-14	The matched wording describes a program form, deterministic rule, permission, prohibition, or example; it does not grant semantic latitude to an implementation for one accepted program.	C11
LAT-185	Go spec	Package_initialization	may	Multiple such functions may be defined per package, even within a single source file.	NOT-LATITUDE	SPEC-141	SC-14	The matched wording describes a program form, deterministic rule, permission, prohibition, or example; it does not grant semantic latitude to an implementation for one accepted program.	C11
LAT-186	Go spec	Program_initialization	may	An init function may launch other goroutines, which can run concurrently with the initialization code.	STEP-NONDET	SPEC-142	SC-14; SC-20	The one global Step relation may select any enabled goroutine; fairness remains a predicate on runs and does not constrain ordinary scheduling.	C11
LAT-187	Go spec	Errors	might	For instance, a function to read data from a file might be defined:	NOT-LATITUDE	SPEC-144	SC-16	This is explanatory or example wording; it grants no alternate semantics.	C5
LAT-188	Go spec	Run_time_panics	implementation-defined	Execution errors such as attempting to index an array out of bounds trigger a run-time panic equivalent to a call of the built-in function panic with a value of the implementation-defined interface type runtime.Error.	ADEQUACY-DEMOTION	SPEC-145	SC-17	The exact runtime.Error dynamic type and concrete error value are not portable spec claims; Fido uses structured RuntimeError and records only pinned-toolchain mapping as adequacy evidence.	C9
LAT-189	Go spec	Run_time_panics	unspecified	The exact error values that represent distinct run-time error conditions are unspecified.	ADEQUACY-DEMOTION	SPEC-145	SC-17; SC-20	The exact runtime.Error dynamic type and concrete error value are not portable spec claims; Fido uses structured RuntimeError and records only pinned-toolchain mapping as adequacy evidence.	C9
LAT-190	Go spec	Package_unsafe	may	A package using unsafe must be vetted manually for type safety and may not be portable.	OUT-COVERED	SPEC-147	Constructor absence and SC-19	This latitude lies wholly inside existing OUT row SPEC-147; inclusion requires paying that row's written price before implementation.	OUT
LAT-191	Go spec	Package_unsafe	may	A Pointer is a pointer type but a Pointer value may not be dereferenced.	OUT-COVERED	SPEC-147	Constructor absence and SC-19	This latitude lies wholly inside existing OUT row SPEC-147; inclusion requires paying that row's written price before implementation.	OUT
LAT-192	Go spec	Package_unsafe	implementation-defined	The effect of converting between Pointer and uintptr is implementation-defined.	OUT-COVERED	SPEC-147	Constructor absence and SC-19	This latitude lies wholly inside existing OUT row SPEC-147; inclusion requires paying that row's written price before implementation.	OUT
LAT-193	Go spec	Package_unsafe	may	Computer architectures may require memory addresses to be aligned; that is, for addresses of a variable to be a multiple of a factor, the variable's type's alignment.	OUT-COVERED	SPEC-147	Constructor absence and SC-19	This latitude lies wholly inside existing OUT row SPEC-147; inclusion requires paying that row's written price before implementation.	OUT
LAT-194	Go spec	Package_unsafe	unspecified	Otherwise it is a non-nil pointer to an unspecified memory address [Go 1.20].	OUT-COVERED	SPEC-147	Constructor absence and SC-19	This latitude lies wholly inside existing OUT row SPEC-147; inclusion requires paying that row's written price before implementation.	OUT
LAT-195	Go spec	Package_unsafe	may, unspecified	For an empty string the return value is unspecified, and may be nil.	OUT-COVERED	SPEC-147	Constructor absence and SC-19	This latitude lies wholly inside existing OUT row SPEC-147; inclusion requires paying that row's written price before implementation.	OUT
LAT-196	Go spec	Size_and_alignment_guarantees	at least	For a variable x of any type: unsafe.Alignof(x) is at least 1.	OUT-COVERED	SPEC-148	Constructor absence and SC-19	This latitude lies wholly inside existing OUT row SPEC-148; inclusion requires paying that row's written price before implementation.	OUT
LAT-197	Go spec	Size_and_alignment_guarantees	at least	For a variable x of struct type: unsafe.Alignof(x) is the largest of all the values unsafe.Alignof(x.f) for each field f of x, but at least 1.	OUT-COVERED	SPEC-148	Constructor absence and SC-19	This latitude lies wholly inside existing OUT row SPEC-148; inclusion requires paying that row's written price before implementation.	OUT
LAT-198	Go spec	Size_and_alignment_guarantees	may	Two distinct zero-size variables may have the same address in memory.	STEP-NONDET	SPEC-088	SC-05; SC-02; SC-20	Pointer comparison Step admits either equality result for distinct zero-size variables while preserving deterministic equality for the same pointer.	C7
LAT-199	Go spec	Go_1.9	may	An alias declaration may be used to declare an alias name for a type.	NOT-LATITUDE	SPEC-151	Constructor absence and SC-19	The matched wording describes a program form, deterministic rule, permission, prohibition, or example; it does not grant semantic latitude to an implementation for one accepted program.	OUT
LAT-200	Go spec	Go_1.13	may	Integer literals may use the prefixes 0b, 0B, 0o, and 0O for binary, and octal literals, respectively.	NOT-LATITUDE	SPEC-152	Constructor absence and SC-19	This describes a source-program choice or admitted source form that is represented by the owning syntax and facts; it is not an implementation choice for one fixed program.	OUT
LAT-201	Go spec	Go_1.13	may	Hexadecimal floating-point literals may be written using the prefixes 0x and 0X.	NOT-LATITUDE	SPEC-152	Constructor absence and SC-19	This describes a source-program choice or admitted source form that is represented by the owning syntax and facts; it is not an implementation choice for one fixed program.	OUT
LAT-202	Go spec	Go_1.13	may	The imaginary suffix i may be used with any (binary, decimal, hexadecimal) integer or floating-point literal, not just decimal literals.	NOT-LATITUDE	SPEC-152	Constructor absence and SC-19	The matched wording describes a program form, deterministic rule, permission, prohibition, or example; it does not grant semantic latitude to an implementation for one accepted program.	OUT
LAT-203	Go spec	Go_1.13	may	The digits of any number literal may be separated (grouped) using underscores _.	NOT-LATITUDE	SPEC-152	Constructor absence and SC-19	The matched wording describes a program form, deterministic rule, permission, prohibition, or example; it does not grant semantic latitude to an implementation for one accepted program.	OUT
LAT-204	Go spec	Go_1.13	may	The shift count in a shift operation may be a signed integer type.	NOT-LATITUDE	SPEC-152	Constructor absence and SC-19	The matched wording describes a program form, deterministic rule, permission, prohibition, or example; it does not grant semantic latitude to an implementation for one accepted program.	OUT
LAT-205	Go spec	Go_1.17	may	A slice may be converted to an array pointer if the slice and array element types match, and the array is not longer than the slice.	NOT-LATITUDE	SPEC-154	Constructor absence and SC-19	This describes a source-program choice or admitted source form that is represented by the owning syntax and facts; it is not an implementation choice for one fixed program.	OUT
LAT-206	Go spec	Go_1.18	may	Function and type declarations may declare type parameters.	NOT-LATITUDE	SPEC-155	Constructor absence and SC-19	This describes a source-program choice or admitted source form that is represented by the owning syntax and facts; it is not an implementation choice for one fixed program.	OUT
LAT-207	Go spec	Go_1.18	may	Interface types may embed arbitrary types (not just type names of interfaces) as well as union and ~T type elements.	NOT-LATITUDE	SPEC-155	Constructor absence and SC-19	The matched wording describes a program form, deterministic rule, permission, prohibition, or example; it does not grant semantic latitude to an implementation for one accepted program.	OUT
LAT-208	Go spec	Go_1.20	may	A slice may be converted to an array if the slice and array element types match and the array is not longer than the slice.	NOT-LATITUDE	SPEC-156	Constructor absence and SC-19	This describes a source-program choice or admitted source form that is represented by the owning syntax and facts; it is not an implementation choice for one fixed program.	OUT
LAT-209	Go spec	Go_1.20	may	Comparable types (such as ordinary interfaces) may satisfy comparable constraints, even if the type arguments are not strictly comparable.	NOT-LATITUDE	SPEC-156	Constructor absence and SC-19	This describes a source-program choice or admitted source form that is represented by the owning syntax and facts; it is not an implementation choice for one fixed program.	OUT
LAT-210	Go spec	Go_1.22	may	A "for" statement with "range" clause may iterate over integer values from zero to an upper limit.	NOT-LATITUDE	SPEC-158	Constructor absence and SC-19	The matched wording describes a program form, deterministic rule, permission, prohibition, or example; it does not grant semantic latitude to an implementation for one accepted program.	OUT
LAT-211	Go spec	Type_unification_rules	may	The precise details are relevant for Go implementations, affect the specifics of error messages (such as whether a compiler reports a type inference or other error), and may explain why type inference fails in unusual code situations.	NOT-LATITUDE	SPEC-160	SC-04	The matched wording describes a program form, deterministic rule, permission, prohibition, or example; it does not grant semantic latitude to an implementation for one accepted program.	C13
LAT-212	Go spec	Type_unification_rules	may	Type unification is controlled by a matching mode, which may be exact or loose.	NOT-LATITUDE	SPEC-160	SC-04	The matched wording describes a program form, deterministic rule, permission, prohibition, or example; it does not grant semantic latitude to an implementation for one accepted program.	C13
LAT-213	Go memory model	overview	may	An implementation may always react to a data race by reporting the race and terminating the program.	OUT-COVERED	BOUND-X009	SC-19	This latitude lies wholly inside existing OUT row BOUND-X009; inclusion requires paying that row's written price before implementation.	OUT
LAT-214	Go memory model	overview	may, undefined	These implementation constraints make Go more like Java or JavaScript, in that most races have a limited number of outcomes, and less like C and C++, where the meaning of any program with a race is entirely undefined, and the compiler may do anything at all.	NOT-LATITUDE	MEM-003	SC-12	This sentence contrasts language memory models and explains the limited outcomes of races; it does not itself grant an additional implementation choice beyond the concrete restriction rows that follow.	C15
LAT-215	Go memory model	model	at least	A read-write data race on memory location x consists of a read-like memory operation r on x and a write-like memory operation w on x, at least one of which is non-synchronizing, which are unordered by happens before (that is, neither r happens before w nor w happens before r).	NOT-LATITUDE	MEM-004	SC-12	This states a lower bound or existential condition inside the rule, not an implementation choice among behaviors for one accepted program.	C15
LAT-216	Go memory model	model	at least	A write-write data race on memory location x consists of two write-like memory operations w and w' on x, at least one of which is non-synchronizing, which are unordered by happens before.	NOT-LATITUDE	MEM-004	SC-12	This states a lower bound or existential condition inside the rule, not an implementation choice among behaviors for one accepted program.	C15
LAT-217	Go memory model	restrictions	may	A read of an array, struct, or complex number may by implemented as a read of each individual sub-value (array element, struct field, or real/imaginary component), in any order.	STEP-NONDET	MEM-005	SC-12	Memory-operation Step admits every permitted subvalue or machine-word decomposition and order, with the actual accesses emitted as ordinary memory Actions.	C15
LAT-218	Go memory model	restrictions	may	Similarly, a write of an array, struct, or complex number may be implemented as a write of each individual sub-value, in any order.	STEP-NONDET	MEM-005	SC-12	Memory-operation Step admits every permitted subvalue or machine-word decomposition and order, with the actual accesses emitted as ordinary memory Actions.	C15
LAT-219	Go memory model	restrictions	may, unspecified	For performance reasons, implementations may instead treat larger operations as a set of individual machine-word-sized operations in an unspecified order.	STEP-NONDET	MEM-005	SC-12	Memory-operation Step admits every permitted subvalue or machine-word decomposition and order, with the actual accesses emitted as ordinary memory Actions.	C15
LAT-220	Go memory model	init	may	Program initialization runs in a single goroutine, but that goroutine may create other goroutines, which run concurrently.	STEP-NONDET	MEM-007	SC-12; SC-20	The one global Step relation may select any enabled goroutine; fairness remains a predicate on runs and does not constrain ordinary scheduling.	C15
LAT-221	Go memory model	goexit	might	In fact, an aggressive compiler might delete the entire go statement.	OUT-COVERED	MEM-009	SC-19	This latitude lies wholly inside existing OUT row MEM-009; inclusion requires paying that row's written price before implementation.	OUT
LAT-222	Go memory model	chan	might	(It might print the empty string, crash, or do something else.)	OUT-COVERED	BOUND-X009	SC-19	This latitude lies wholly inside existing OUT row BOUND-X009; inclusion requires paying that row's written price before implementation.	OUT
LAT-223	Go memory model	locks	may	As far as the memory model is concerned, l.TryLock (or l.TryRLock) may be considered to be able to return false even when the mutex l is unlocked.	OUT-COVERED	MEM-011	SC-19	This latitude lies wholly inside existing OUT row MEM-011; inclusion requires paying that row's written price before implementation.	OUT
LAT-224	Go memory model	badsync	may	In particular, note that a read r may observe the value written by any write w that executes concurrently with r.	STEP-NONDET	MEM-016	SC-12	For a represented racy execution, read Step may choose any write permitted by the memory-model visibility constraints; DataRace remains a finite BadPrefix.	C15
LAT-225	Go memory model	badsync	might	For example, the twoprint program might be incorrectly written as:	NOT-LATITUDE	MEM-016	SC-12	This is explanatory or example wording; it grants no alternate semantics.	C15
LAT-226	Go memory model	badcompiler	at least	For example, a compiler must not move the accesses to *p or *q ahead of the function call in this program (at least not without direct knowledge of the precise behavior of f):	NOT-LATITUDE	MEM-017	SC-12	This states a lower bound or existential condition inside the rule, not an implementation choice among behaviors for one accepted program.	C15
LAT-227	Go memory model	badcompiler	may	A Go compiler must not, because the value of *p may have changed.	NOT-LATITUDE	MEM-017	SC-12	The matched wording describes a program form, deterministic rule, permission, prohibition, or example; it does not grant semantic latitude to an implementation for one accepted program.	C15
LAT-X001	Go spec supplemental	Appending_and_copying_slices/capacity_growth	sufficiently large (supplemental required row)	When append must allocate, the specification requires a sufficiently large fresh backing array but does not specify the resulting capacity; when existing capacity is sufficient, append reuses the backing array.	STEP-NONDET	SPEC-123	SC-15; SC-08; SC-20	If allocation is required, Step chooses any fresh capacity at least the required length; if current capacity is sufficient, reuse is deterministic. cap and aliasing observe the chosen branch.	C10
LAT-X002	Go spec supplemental	Select_statements/ready_case_choice	selection rule (supplemental required row)	When one or more select communications can proceed, the specification chooses one ready case; the concrete selected case is observable.	STEP-NONDET	SPEC-115	SC-10; SC-20	Step branches over every ready case and records the chosen ordinary communication Action; default is available only when no communication can proceed.	C14
LAT-X003	Go spec and memory model supplemental	Goroutine_scheduling	scheduler latitude (supplemental required row)	The specification does not impose a deterministic schedule among enabled goroutines.	STEP-NONDET	SPEC-114	SC-10; SC-18; SC-20	The single Step relation selects any enabled goroutine. Fairness is a run predicate and never a scheduler authority or state field.	C14
LAT-X004	Go spec supplemental	Constant_expressions/permitted_rounding_value	constant-value policy (supplemental required row)	Permitted rounding while computing untyped floating-point or complex constant expressions can change the exact value of an accepted constant.	PROVED-REFINEMENT	SPEC-096	SC-05	Fido accepts only constant expressions inside a proved rounding-invariant domain. For every accepted expression, all Go-spec-permitted intermediate rounding choices yield the same exact value retained by Compilable.ExpressionFact. This avoids compile-time nondeterminism and avoids a second pinned-gc constant semantics. Reject expressions outside the accepted rounding-invariant domain with FIDO-E-CONSTANT-PRECISION; prove invariance for accepted expressions; retain the unique exact value in Compilable.ExpressionFact.	C7
