id	status	boundary	reason	enforcement	reopen_trigger
SR-001	ACCEPTED	Pinned linux/amd64 64-bit validation target: int/uint are 64-bit and distinct from int64/uint64; no other OS or architecture is validated.	One pinned target lets the Admissible-equals-go-build adequacy target be differentially attacked against one real toolchain, and lets int/uint be concrete types with complete proof surfaces, instead of a target-parametric width threaded through every numeric proof.	Integer.v; Makefile PLATFORM; Dockerfile go-e2e GOOS/GOARCH guards; digest-pinned golang:1.23-alpine.	32-bit, arm64 or another OS; any portable-Go public claim; uintptr or layout work; a toolchain image change.
SR-002	PROPOSED	Platform filesystem and resource limits are not modelled: NAME_MAX, PATH_MAX, inode, disk and memory ceilings. Paths are arbitrary length with no numeric cap.	These limits are platform-specific and outside the Go-source and cmd/go semantic domain. An over-long path fails loud at the OS during materialization, never silently in the model or the grammar.	FilePath.v and ModulePath.v carry no length cap; materialization surfaces ENAMETOOLONG.	A decision to model a specific deployment filesystem as a semantic domain.
SR-003	PROPOSED	Cooperating-developer threat boundary: the publication path is not hardened against a deliberate local bypass or against tampering with its own verifier.	The enforced property is that published bytes were validated by a pinned build, for a cooperating developer using ordinary Git. Resisting a local adversary would need a different mechanism and is not claimed.	Docker validate-before-publish stage graph; pre-commit hook over the staged index; go build ./... gating the sync image.	A decision to make publication resistant to deliberate local bypass, or a server-side CI boundary.
SR-004	PROPOSED	Host Rocq and OCaml builds are unsupported. Everything runs through pinned Buildx containers.	A pinned container is the only reproducible version-exact toolchain. A host install is a second unpinned authority for the same facts.	Makefile routes every target through buildx; Dockerfile pins every base image and package.	A decision to support and pin a host toolchain as an equal authority.
SR-005	PROPOSED	Module-path grammar exclusions: every Go-valid module path outside the narrow canonical grammar, including /vN suffixes and gopkg.in forms.	The module path is a semantic fact rendered into go.mod. A deliberately narrow one-way grammar makes invalid paths unrepresentable rather than rejected, and excludes the two Go 1.23 semantic-import-versioning classes exactly.	ModulePath.v segment grammar; representable and unrepresentable fixtures.	Imports or multi-module support needing an excluded form.
SR-006	PROPOSED	Source-file naming restrictions: (a) hidden, _test.go, testdata and vendor paths; (b) every valid Go source path outside lowercase-ASCII canonical form.	(a) faithfulness to go build file selection; (b) a canonical decidable minimal path domain with no case-folding or collision questions.	FilePath.v component_ok, reserved_dir, filename_ok, path_ok and their fixtures.	A need to represent a valid mixed-case, hyphen or underscore Go source path.
SR-007	ACCEPTED	Imports on hold: no import syntax is representable and every file has an intrinsically empty import section.	The closed-world guarantee requires Admissible to resolve every import to a package owned by the same program, or reject the whole program. Nothing may resolve to stdlib, cache, network, vendor, workspace or ambient filesystem.	Syntax.imports has no constructors, so imports are unrepresentable rather than rejected.	The imports arc landing with its resolver and closed-world proof, under explicit sign-off.
SR-008	ACCEPTED	Source identifiers are ASCII only: `[A-Za-z_][A-Za-z0-9_]*` minus the twenty-five Go keywords. Go admits any `unicode_letter` and `unicode_digit`, so a valid Go identifier carrying a non-ASCII letter or digit is unrepresentable rather than rejected.	An `Identifier` is a proof-carrying value whose validity is one total executable predicate. A Unicode-complete predicate needs the pinned Unicode letter and digit tables and proofs about them, which no admitted construct requires yet. ASCII keeps the decision exact instead of approximate.	Names.is_alpha, Names.identifier_ok and the Names.Identifier validity field; SPEC-010 owns the admitted spelling and Render owns its exact bytes.	A construct or fixture needing a non-ASCII identifier, or a decision to pin the Unicode letter and digit tables.
SR-009	ACCEPTED	Bounded Float.Decimal literal domain: canonical coeff times 10^exp with abs(coeff) below 10^40 and abs(exp10) at most 4096.	Accepted as the bounded literal domain C6 builds Float.NonNegativeDecimal on: a finite canonical box keeps decimal validity one total decision and every literal exactly representable. It is narrower than Go float constants, and whether this particular bound is the right one remains ADR-0002's question; accepting the boundary is not accepting the constant.	Float.v decimal_max_coeff, decimal_max_exp and the canonicality bounds.	Any real float literal beyond the box; a decision to match Go float-constant precision; ADR-0002 being reopened.
